Workbook
Name colArea: _xlfn.ANCHORARRAY(Filter_Lists!$E$2)
Name colBody: _xlfn.ANCHORARRAY(Filter_Lists!$H$2)
Name colDept: _xlfn.ANCHORARRAY(Filter_Lists!$D$2)
Name colDOI: _xlfn.ANCHORARRAY(Filter_Lists!$B$2)
Name colESI: _xlfn.ANCHORARRAY(Filter_Lists!$I$2)
Name colJTP: _xlfn.ANCHORARRAY(Filter_Lists!$F$2)
Name colMonth: _xlfn.ANCHORARRAY(Filter_Lists!$L$2)
Name colName: _xlfn.ANCHORARRAY(Filter_Lists!$A$2)
Name colRec: _xlfn.ANCHORARRAY(Filter_Lists!$J$2)
Name colSup: _xlfn.ANCHORARRAY(Filter_Lists!$C$2)
Name colType: _xlfn.ANCHORARRAY(Filter_Lists!$G$2)
Name colYear: _xlfn.ANCHORARRAY(Filter_Lists!$K$2)
Name fMask: _xlfn.ANCHORARRAY(Filter_Lists!$X$2)
Name fromOffset: Filter_Lists!$V$3
Name listArea: _xlfn.ANCHORARRAY(Filter_Lists!$T$2)
Name listDept: _xlfn.ANCHORARRAY(Filter_Lists!$N$2)
Name listESI: _xlfn.ANCHORARRAY(Filter_Lists!$Q$2)
Name listRec: _xlfn.ANCHORARRAY(Filter_Lists!$R$2)
Name listSup: _xlfn.ANCHORARRAY(Filter_Lists!$O$2)
Name listType: _xlfn.ANCHORARRAY(Filter_Lists!$P$2)
Name listYear: _xlfn.ANCHORARRAY(Filter_Lists!$S$2)
Name maxDOI: Filter_Lists!$V$2
Name minDOI: Filter_Lists!$V$1
Name selArea: 'Filter Dashboard'!$C$6
Name selDept: 'Filter Dashboard'!$C$5
Name selESI: 'Filter Dashboard'!$F$5
Name selFrom: 'Filter Dashboard'!$I$5
Name selMode: 'Filter Dashboard'!$I$7
Name selRec: 'Filter Dashboard'!$F$6
Name selSearch: 'Filter Dashboard'!$F$8
Name selSup: 'Filter Dashboard'!$C$7
Name selTo: 'Filter Dashboard'!$I$6
Name selType: 'Filter Dashboard'!$C$8
Name selYear: 'Filter Dashboard'!$F$7
Name Slicer_Area: #N/A
Name Slicer_Department: #N/A
Name Slicer_ESI_Status: #N/A
Name Slicer_JTP: #N/A
Name Slicer_Month: #N/A
Name Slicer_Month1: #N/A
Name Slicer_Supervisor: #N/A
Name Slicer_Year: #N/A
Name Slicer_Year1: #N/A
Name toOffset: Filter_Lists!$V$4

Sheet Filter Dashboard
A1: INCIDENTS RECORDS — FILTER DASHBOARD
A2: ="Showing "&TEXT(SUM(fMask),"#,##0")&" of "&TEXT(ROWS(colDOI),"#,##0")&" records ("&TEXT(SUM(fMask)/ROWS(colDOI),"0.0%")&" of total) • Mode: "&selMode -> Showing 275 of 580 records (47.4% of total) • Mode: AND
B4: FILTERS | N4: SETUP (one-time, ~2 min)
B5: Department | C5: (All) | E5: ESI Status | F5: (All) | H5: DOI From | I5: 46023 | N5: 1) SLIDERS: Developer ▸ Insert ▸ Scroll Bar (Form Control). Draw two next to DOI From/To. Right-click ▸ Format Control ▸ Cell link: Filter_Lists!$V$3 (From) and Filter_Lists!$V$4 (To). Min 0, Max 565.
B6: Area | C6: (All) | E6: Recordable | F6: (All) | H6: DOI To | I6: 46387 | N6: 2) CLEAR BUTTON: Added — red "CLEAR ALL FILTERS" button sits right of the filter panel. To make it live: right-click it ▸ Assign Macro ▸ ClearAllFilters (macro code in chat). Until then, ask Claude to reset filters.
B7: Supervisor | C7: (All) | E7: Year | F7: (All) | H7: Match mode | I7: AND | N7: Yellow cells are editable inputs. Area cascades from Department. Set Match mode = OR for any-match logic.
B8: Injury Type | C8: (All) | E8: Search (name/JTP) | H8: (AND / OR)
A10: RECORDS SHOWN | C10: % OF TOTAL | E10: RECORDABLE (Yes) | G10: FIRST AID (FA) | I10: RPO | K10: RECORDABLE (ESI)
A11: =SUM(fMask) -> 275 | C11: =SUM(fMask)/ROWS(colDOI) -> 0.47413793 | E11: {=SUMPRODUCT(fMask,--(colRec="Yes"))} -> 7 | G11: {=SUMPRODUCT(fMask,--(colESI="FA"))} -> 228 | I11: {=SUMPRODUCT(fMask,--(colESI="RPO"))} -> 40 | K11: {=SUMPRODUCT(fMask,--(colESI="RECORDABLE"))} -> 7
A13: FILTERED RESULTS
A15: Name | B15: DOI | C15: Department | D15: Area | E15: Supervisor | F15: JTP | G15: Injury/Illness Type | H15: Body Location | I15: ESI Status | J15: Recordable | K15: Year | L15: Month
A16: {=_xlfn._xlws.FILTER(_xlfn.HSTACK(colName,colDOI,IF(colDept=0,"",colDept),IF(colArea=0,"",colArea),IF(colSup=0,"",colSup),IF(colJTP=0,"",colJTP),IF(colType=0,"",colType),IF(colBody=0,"",colBody),IF(colESI=0,"",colESI),IF(colRec=0,"",colRec),colYear,IF(colMonth=0,"",colMonth)),fMask,"No records match the current filters")} -> Joseph Gomez | B16: 46227 | C16: Harvest | D16: 101 | E16: Richard Xiong | F16: Shackler | G16: Foreign Object | H16: LT - Eye | I16: FA | J16: No | K16: 2026 | L16: July
A17: Ceasar Saldana | B17: 46226 | C17: Maintenance | D17: Maintenance | E17: Jonathan Hernandez | F17: Electrician | G17: Electric Shock | H17: LT - Hand & Forearm | I17: RPO | J17: No | K17: 2026 | L17: July
A18: Irma Ortega | B18: 46225 | C18: Fabrication | D18: 405 | E18: Diego Soria | F18: Whizzard Knife Op. | G18: Strain | H18: RT - Wrist | I18: FA | J18: No | K18: 2026 | L18: July
A19: Noe Frage Ruiz | B19: 46225 | C19: Fabrication | D19: 410 | E19: Juan Ramirez | F19: Chuck Boner | G19: Struck By-Against Object | H19: LT - Thumb | I19: RPO | J19: No | K19: 2026 | L19: July
A20: Ramon Garcia | B20: 46225 | C20: Harvest | D20: 101 | E20: Richard Xiong | F20: 2nd Hock Hang Off | G20: Slip, Trip, & Fall | H20: NA | I20: RPO | J20: No | K20: 2026 | L20: July
A21: Jesus Bernal | B21: 46224 | C21: Corrals | D21: 100 | E21: Marilyn Herrera | F21: Herdsman | G21: Struck By Cattle | H21: RT - Shin/ Calf | I21: FA | J21: No | K21: 2026 | L21: July
A22: Rudy Ramos | B22: 46224 | C22: Harvest | D22: 101 | E22: Richard Xiong | F22: Calf Skinner | G22: Abrasion | H22: RT - Ring Finger | I22: FA | J22: No | K22: 2026 | L22: July
A23: Rosalba Oseguera Mendez | B23: 46223 | C23: Harvest | D23: 102 | E23: Alex Vargas | F23: 2nd Hock Cutter | G23: Strain | H23: RT - Index Finger & Elbow | I23: FA | J23: No | K23: 2026 | L23: July
A24: Christopher Diaz | B24: 46220 | C24: Loading Dock | D24: Loading Dock | E24: Francisco Tapia | F24: Stacker | G24: Strain | H24: RT - Elbow | I24: FA | J24: No | K24: 2026 | L24: July
A25: Eduardo Contreras | B25: 46218 | C25: Harvest | D25: 102 | E25: Alex Vargas | F25: Wax Papper Remover | G25: Rash | H25: LT - Forearm | I25: FA | J25: No | K25: 2026 | L25: July
A26: Carlos Roman | B26: 46217 | C26: Buildings & Grounds | D26: B&G | E26: Christopher Moreno | F26: B&G Maintenace | G26: Struck By-Against Object | H26: RT - Thumb | I26: FA | J26: No | K26: 2026 | L26: July
A27: Maria Figueroa | B27: 46217 | C27: Harvest | D27: 109 | E27: Samuel Sierra | F27: Kidney Pack Off | G27: Burn | H27: RT - Forearm | I27: RPO | J27: No | K27: 2026 | L27: July
A28: Ezequiel Ambriz | B28: 46217 | C28: Utilities | D28: Utilities | E28: Juan Murillo | F28: Utilility - Maintenance | G28: Burn | H28: RT - Forearm | I28: FA | J28: No | K28: 2026 | L28: July
... A290: Sarah Gonzalez | B290: 46029 | C290: Harvest | D290: 101 | E290: Richard Xiong | F290: Whizzard Knife Op. | G290: Strain | H290: LT - Forearm | I290: FA | J290: No | K290: 2026 | L290: January

Sheet Filter_Lists
A1: Name | B1: DOI | C1: Supervisor | D1: Department | E1: Area | F1: JTP | G1: InjuryType | H1: BodyLocation | I1: ESI | J1: Recordable | K1: Year | L1: Month | N1: Dept list | O1: Supervisor list | P1: InjuryType list | Q1: ESI list | R1: Recordable list | S1: Year list | T1: Area list (cascading) | U1: Min DOI | V1: =MIN(colDOI) -> 45660 | X1: Filter mask | AD1: Department | AE1: Filtered Count | AG1: Ref date (data engine) | AH1: =Data!B2 -> 46230
A2: {=Master_List_Of_Injuries[[Employee Name ]]} -> Joseph Gomez | B2: {=Master_List_Of_Injuries[DOI]} -> 46227 | C2: {=Master_List_Of_Injuries[Supervisor]} -> Richard Xiong | D2: {=Master_List_Of_Injuries[[Department ]]} -> Harvest | E2: {=Master_List_Of_Injuries[Area]} -> 101 | F2: {=Master_List_Of_Injuries[JTP:]} -> Shackler | G2: {=Master_List_Of_Injuries[Injury/Illness Type]} -> Foreign Object | H2: {=Master_List_Of_Injuries[Body Location]} -> LT - Eye | I2: {=Master_List_Of_Injuries[ESI Status]} -> FA | J2: {=Master_List_Of_Injuries[Recordable_Flag]} -> No | K2: {=Master_List_Of_Injuries[Year]} -> 2026 | L2: {=Master_List_Of_Injuries[Month]} -> July | N2: {=_xlfn.VSTACK("(All)",_xlfn._xlws.SORT(_xlfn.UNIQUE(_xlfn._xlws.FILTER(colDept,colDept<>""))))} -> (All) | O2: {=_xlfn.VSTACK("(All)",_xlfn._xlws.SORT(_xlfn.UNIQUE(_xlfn._xlws.FILTER(colSup,colSup<>""))))} -> (All) | P2: {=_xlfn.VSTACK("(All)",_xlfn._xlws.SORT(_xlfn.UNIQUE(_xlfn._xlws.FILTER(colType,colType<>""))))} -> (All) | Q2: {=_xlfn.VSTACK("(All)",_xlfn._xlws.SORT(_xlfn.UNIQUE(_xlfn._xlws.FILTER(colESI,colESI<>""))))} -> (All) | R2: {=_xlfn.VSTACK("(All)",_xlfn._xlws.SORT(_xlfn.UNIQUE(_xlfn._xlws.FILTER(colRec,colRec<>""))))} -> (All) | S2: {=_xlfn.VSTACK("(All)",_xlfn._xlws.SORT(_xlfn.UNIQUE(_xlfn._xlws.FILTER(colYear,colYear<>""))))} -> (All) | T2: {=_xlfn.VSTACK("(All)",_xlfn._xlws.SORT(_xlfn.UNIQUE(_xlfn._xlws.FILTER(colArea,(colArea<>"")*IF(selDept="(All)",1,colDept=selDept),"(none)"))))} -> (All) | U2: Max DOI | V2: =MAX(colDOI) -> 46227 | X2: {=_xlfn.LET( _xlpm.acDept,--(selDept<>"(All)"), _xlpm.acArea,--(selArea<>"(All)"), _xlpm.acSup,--(selSup<>"(All)"), _xlpm.acType,--(selType<>"(All)"), _xlpm.acESI,--(selESI<>"(All)"), _xlpm.acRec,--(selRec<>"(All)"), _xlpm.acYear,--(selYear<>"(All)"), _xlpm.mDept,--(colDept=selDept), _xlpm.mArea,--(colArea=selArea), _xlpm.mSup,--(colSup=selSup), _xlpm.mType,--(colType=selType), _xlpm.mESI,--(colESI=selESI), _xlpm.mRec,--(colRec=selRec), _xlpm.mYear,--(colYear=selYear), _xlpm.pAnd,((1-_xlpm.acDept)+_xlpm.acDept*_xlpm.mDept)*((1-_xlpm.acArea)+_xlpm.acArea*_xlpm.mArea)*((1-_xlpm.acSup)+_xlpm.acSup*_xlpm.mSup)*((1-_xlpm.acType)+_xlpm.acType*_xlpm.mType)*((1-_xlpm.acESI)+_xlpm.acESI*_xlpm.mESI)*((1-_xlpm.acRec)+_xlpm.acRec*_xlpm.mRec)*((1-_xlpm.acYear)+_xlpm.acYear*_xlpm.mYear), _xlpm.activeN,_xlpm.acDept+_xlpm.acArea+_xlpm.acSup+_xlpm.acType+_xlpm.acESI+_xlpm.acRec+_xlpm.acYear, _xlpm.orHits,_xlpm.acDept*_xlpm.mDept+_xlpm.acArea*_xlpm.mArea+_xlpm.acSup*_xlpm.mSup+_xlpm.acType*_xlpm.mType+_xlpm.acESI*_xlpm.mESI+_xlpm.acRec*_xlpm.mRec+_xlpm.acYear*_xlpm.mYear, _xlpm.pOr,IF(_xlpm.activeN=0,1,--(_xlpm.orHits>=1)), _xlpm.pCat,IF(selMode="OR",_xlpm.pOr,_xlpm.pAnd), _xlpm.pSearch,IF(selSearch="",1,--(ISNUMBER(SEARCH(selSearch,colName))+ISNUMBER(SEARCH(selSearch,colJTP))>0)), _xlpm.pDate,(colDOI>=selFrom)*(colDOI<=selTo), _xlpm.pCat*_xlpm.pSearch*_xlpm.pDate)} -> 1 | AD2: {=_xlfn._xlws.SORT(_xlfn.UNIQUE(_xlfn._xlws.FILTER(colDept,colDept<>"")))} -> Buildings & Grounds | AE2: {=_xlfn.MAP(_xlfn.ANCHORARRAY(AD2),_xlfn.LAMBDA(_xlpm.d,SUMPRODUCT(fMask,--(colDept=_xlpm.d))))} -> 4
A3: Ceasar Saldana | B3: 46226 | C3: Jonathan Hernandez | D3: Maintenance | E3: Maintenance | F3: Electrician | G3: Electric Shock | H3: LT - Hand & Forearm | I3: RPO | J3: No | K3: 2026 | L3: July | N3: Buildings & Grounds | O3: Alex Vargas | P3: 0 | Q3: FA | R3: No | S3: 2025 | T3: 100 | U3: From offset (slider) | V3: 0 | X3: 1 | AD3: Corrals | AE3: 8 | AG3: Preset | AH3: From | AI3: To
A4: Irma Ortega | B4: 46225 | C4: Diego Soria | D4: Fabrication | E4: 405 | F4: Whizzard Knife Op. | G4: Strain | H4: RT - Wrist | I4: FA | J4: No | K4: 2026 | L4: July | N4: Corrals | O4: Carlos Mata | P4: Above Shoulder Work | Q4: RECORDABLE | R4: Yes | S4: 2026 | T4: 101 | U4: To offset (slider) | V4: 565 | X4: 1 | AD4: Fabrication | AE4: 132 | AG4: (All dates) | AH4: =minDOI -> 45660 | AI4: =maxDOI -> 46227
A5: Noe Frage Ruiz | B5: 46225 | C5: Juan Ramirez | D5: Fabrication | E5: 410 | F5: Chuck Boner | G5: Struck By-Against Object | H5: LT - Thumb | I5: RPO | J5: No | K5: 2026 | L5: July | N5: Fabrication | O5: Chadu Moua | P5: Abrasion | Q5: RPO | T5: 102 | X5: 1 | AD5: FSQA | AE5: 2 | AG5: YTD | AH5: =DATE(YEAR($AH$1),1,1) -> 46023 | AI5: =$AH$1 -> 46230
A6: Ramon Garcia | B6: 46225 | C6: Richard Xiong | D6: Harvest | E6: 101 | F6: 2nd Hock Hang Off | G6: Slip, Trip, & Fall | H6: NA | I6: RPO | J6: No | K6: 2026 | L6: July | N6: FSQA | O6: Christian Lopez | P6: Abrasion | T6: 103 | X6: 1 | AD6: Harvest | AE6: 106 | AG6: Last 7 days | AH6: =$AH$1-6 -> 46224 | AI6: =$AH$1 -> 46230
A7: Jesus Bernal | B7: 46224 | C7: Marilyn Herrera | D7: Corrals | E7: 100 | F7: Herdsman | G7: Struck By Cattle | H7: RT - Shin/ Calf | I7: FA | J7: No | K7: 2026 | L7: July | N7: Harvest | O7: Christopher Moreno | P7: Awkward Posture | T7: 104 | X7: 1 | AD7: Loading Dock | AE7: 3 | AG7: Last 30 days | AH7: =$AH$1-29 -> 46201 | AI7: =$AH$1 -> 46230
A8: Rudy Ramos | B8: 46224 | C8: Richard Xiong | D8: Harvest | E8: 101 | F8: Calf Skinner | G8: Abrasion | H8: RT - Ring Finger | I8: FA | J8: No | K8: 2026 | L8: July | N8: Loading Dock | O8: Clara Salazar | P8: Bending | T8: 105 | X8: 1 | AD8: Maintenance | AE8: 10 | AG8: Last 90 days | AH8: =$AH$1-89 -> 46141 | AI8: =$AH$1 -> 46230
A9: Rosalba Oseguera Mendez | B9: 46223 | C9: Alex Vargas | D9: Harvest | E9: 102 | F9: 2nd Hock Cutter | G9: Strain | H9: RT - Index Finger & Elbow | I9: FA | J9: No | K9: 2026 | L9: July | N9: Maintenance | O9: David Zavala | P9: Box Maker | T9: 106 | X9: 1 | AD9: Maintnances | AE9: 0
A10: Christopher Diaz | B10: 46220 | C10: Francisco Tapia | D10: Loading Dock | E10: Loading Dock | F10: Stacker | G10: Strain | H10: RT - Elbow | I10: FA | J10: No | K10: 2026 | L10: July | N10: Maintnances | O10: Diego Soria | P10: Burn | T10: 107 | X10: 1 | AD10: Outside Clean Up | AE10: 3
A11: Eduardo Contreras | B11: 46218 | C11: Alex Vargas | D11: Harvest | E11: 102 | F11: Wax Papper Remover | G11: Rash | H11: LT - Forearm | I11: FA | J11: No | K11: 2026 | L11: July | N11: Outside Clean Up | O11: Edwin Vega | P11: Burn | T11: 109 | X11: 1 | AD11: Recycling | AE11: 0
A12: Carlos Roman | B12: 46217 | C12: Christopher Moreno | D12: Buildings & Grounds | E12: B&G | F12: B&G Maintenace | G12: Struck By-Against Object | H12: RT - Thumb | I12: FA | J12: No | K12: 2026 | L12: July | N12: Recycling | O12: Elizabeth Neufeld | P12: Contact Stess | T12: 110 | X12: 1 | AD12: Utilities | AE12: 1
A13: Maria Figueroa | B13: 46217 | C13: Samuel Sierra | D13: Harvest | E13: 109 | F13: Kidney Pack Off | G13: Burn | H13: RT - Forearm | I13: RPO | J13: No | K13: 2026 | L13: July | N13: Utilities | O13: Erwin Vega | P13: Contact Stress | T13: 111 | X13: 1 | AD13: Warehouse | AE13: 6
A14: Ezequiel Ambriz | B14: 46217 | C14: Juan Murillo | D14: Utilities | E14: Utilities | F14: Utilility - Maintenance | G14: Burn | H14: RT - Forearm | I14: FA | J14: No | K14: 2026 | L14: July | N14: Warehouse | O14: Francisco Tapia | P14: Contusion | T14: 124 | X14: 1 | AD14: WH | AE14: 0
A15: Jonny Garcia | B15: 46217 | C15: Marilyn Herrera | D15: Corrals | E15: 100 | F15: Herdsman | G15: Struck By Cattle | H15: RT - Calf/ Shin | I15: RPO | J15: No | K15: 2026 | L15: July | N15: WH | O15: Froy Rios | P15: Contusions | T15: 400 | X15: 1
A16: Richie Glass | B16: 46216 | C16: Rene Canas | D16: FSQA | E16: Fab FSQA | F16: QA Tech | G16: Slip, Trip, & Fall | H16: No Injury | I16: RPO | J16: No | K16: 2026 | L16: July | O16: Jarrod Villareal | P16: Crush | T16: 405 | X16: 1
A17: Michael Montelongo | B17: 46213 | C17: Elizabeth Neufeld | D17: Fabrication | E17: 420 | F17: New York Boner | G17: Strain | H17: RT - Wrist | I17: FA | J17: No | K17: 2026 | L17: July | O17: Jesus Avila | P17: Crush Injury | T17: 410 | X17: 1
A18: Rudy Gallegos | B18: 46213 | C18: Samuel Sierra | D18: Harvest | E18: 110 | F18: Cooler Pack Off | G18: Struck by against object | H18: RT - Thumb | I18: FA | J18: No | K18: 2026 | L18: July | O18: Jonathan Hernandez | P18: Crush Injury | T18: 415 | X18: 1
A19: Osbaldo Santiago | B19: 46213 | C19: Alex Vargas | D19: Harvest | E19: 102 | F19: Whizzard Knife Op. | G19: Strain | H19: RT - Ring Finger | I19: RPO | J19: No | K19: 2026 | L19: July | O19: Juan Carlos Martinez | P19: Electric Shock | T19: 420 | X19: 1
A20: Claudia Estrada Cruz | B20: 46212 | C20: Elizabeth Neufeld | D20: Fabrication | E20: 420 | F20: Sorter | G20: Puncture | H20: LT - Palm | I20: FA | J20: No | K20: 2026 | L20: July | O20: Juan Martinez | P20: Falling Object | T20: 429 | X20: 1
A21: Jonathan Campas | B21: 46212 | C21: Samuel Sierra | D21: Harvest | E21: 107 | F21: Cheek Deboner | G21: Foreign Object | H21: RT - Eye | I21: FA | J21: No | K21: 2026 | L21: July | O21: Juan Murillo | P21: Falling Objects | T21: 445 | X21: 1
A22: Daisy Sotelo | B22: 46212 | C22: Samuel Sierra | D22: Harvest | E22: 109 | F22: Offal Floater | G22: Strain | H22: RT - Ring Finger | I22: FA | J22: No | K22: 2026 | L22: July | O22: Juan Ramirez | P22: Foreign boby in eye | T22: 447 | X22: 1
A23: Mason Ojeda | B23: 46212 | C23: Marilyn Herrera | D23: Corrals | E23: 100 | F23: Herdsman | G23: Foreign Object | H23: LT - Eye | I23: RPO | J23: No | K23: 2026 | L23: July | O23: Juan Rodriguez | P23: Foreign Object | T23: B&G | X23: 1
A24: Pisperema Amaya | B24: 46212 | C24: Samuel Sierra | D24: Harvest | E24: 109 | F24: Pack Off | G24: Strain | H24: Lower Back | I24: FA | J24: No | K24: 2026 | L24: July | O24: Kamran Tavagar | P24: Heat Prostration | T24: BG | X24: 1
A25: Hector Razo | B25: 46211 | C25: Christopher Moreno | D25: Buildings & Grounds | E25: B&G | F25: B&G Maintenace | G25: Insect Bite/ Sting | H25: Cranial (Front) | I25: RPO | J25: No | K25: 2026 | L25: July | O25: Manuel Alanis | P25: Impact? | T25: Blood Room | X25: 1
A26: Apolinar Basilio | B26: 46211 | C26: Maria Garcia | D26: Fabrication | E26: 447 | F26: Glue Boxer | G26: Struck by Equipment | H26: RT - Heel | I26: FA | J26: No | K26: 2026 | L26: July | O26: Maria Garcia | P26: Inhalation | T26: Coolers | X26: 1
A27: Mayra Solarte | B27: 46211 | C27: Alex Vargas | D27: Harvest | E27: 102 | F27: Whizzard Knife Operator | G27: Strain | H27: RT - Wrist | I27: RPO | J27: No | K27: 2026 | L27: July | O27: Marilyn Herrera | P27: Inhalation | T27: Corrals 100 | X27: 1
... A41: Raymundo Vargas Jr | B41: 46205 | C41: Erwin Vega | D41: Fabrication | E41: 124 | F41: Cooler Lead | G41: Slip, Trip, & Fall | H41: RT - Hip | I41: RPO | J41: No | K41: 2026 | L41: July | O41: Suky | P41: Reaction | T41: Warehouse | X41: 1
A42: Jose Nunez | B42: 46205 | C42: Erwin Vega | D42: Fabrication | E42: 124 | F42: Cooler Coordinator | G42: Falling Objects | H42: RT - Heel | I42: FA | J42: No | K42: 2026 | L42: July | O42: Valerena Begay | P42: Repetition | X42: 1
A43: Juan Ceballos | B43: 46204 | C43: Michael Orozco | D43: Harvest | E43: 105 | F43: Gutter | G43: Laceration | H43: LT - Hand | I43: RECORDABLE | J43: Yes | K43: 2026 | L43: July | O43: Veronica Figueroa | P43: Slip, Trip, & Fall | X43: 1
A44: Claudia Estrada Cruz | B44: 46204 | C44: Elizabeth Neufeld | D44: Fabrication | E44: 447 | F44: Sorter | G44: Strain | H44: RT - Forearm & Hand & LT - Hand | I44: FA | J44: No | K44: 2026 | L44: July | P44: Sprain | X44: 1
A45: Vilma de Jesus | B45: 46203 | C45: Maria Garcia | D45: Fabrication | E45: 447 | F45: Bone Packer | G45: Contact Stess | H45: LT - Palm | I45: FA | J45: No | K45: 2026 | L45: June | P45: Stike against object | X45: 1
A46: Steven Aceves | B46: 46202 | C46: Ovidio Sanchez | D46: Fabrication | E46: 400 | F46: Scale Operator | G46: Strain | H46: RT - Wrist | I46: FA | J46: No | K46: 2026 | L46: June | P46: Strain | X46: 1
A47: Frederick Garcia | B47: 46202 | C47: Alex Vargas | D47: Harvest | E47: 102 | F47: Bung Capper | G47: Foreign Object | H47: LT - Eye | I47: FA | J47: No | K47: 2026 | L47: June | P47: Strain | X47: 1
A48: Kristy Davila | B48: 46202 | C48: Elizabeth Neufeld | D48: Fabrication | E48: 420 | F48: Flap Meat Trimmer | G48: Foreign Object | H48: LT - Eye | I48: FA | J48: No | K48: 2026 | L48: June | P48: Strike by Cattle | X48: 1
A49: Edgar Guttierez | B49: 46202 | C49: Juan Carlos Martinez | D49: Fabrication | E49: 405 | F49: Plate Boner | G49: Strain | H49: RT - Elbow | I49: FA | J49: No | K49: 2026 | L49: June | P49: Strike-by Against Object | X49: 1
A50: Eduardo Contreras | B50: 46202 | C50: Alex Vargas | D50: Harvest | E50: 102 | F50: Wax Papper Remover | G50: Slip, Trip, & Fall | H50: RT - Knee | I50: RPO | J50: No | K50: 2026 | L50: June | P50: Struck | X50: 1
A51: Aaron Ching | B51: 46202 | C51: Alex Vargas | D51: Harvest | E51: 102 | F51: Clean Up | G51: Strain | H51: RT - Hip | I51: FA | J51: No | K51: 2026 | L51: June | P51: Struck by - against object | X51: 1
A52: Juan Rivera | B52: 46199 | C52: Christopher Moreno | D52: Buildings & Grounds | E52: B&G | F52: Maintenance Lead | G52: Insect Bite/ Sting | H52: Back of Head | I52: RPO | J52: No | K52: 2026 | L52: June | P52: Struck by against object | X52: 1
A53: Osbaldo Santiago | B53: 46199 | C53: Alex Vargas | D53: Harvest | E53: 102 | F53: Whizzard Knife Op. | G53: Burn | H53: LT - Wrist & Hand | I53: FA | J53: No | K53: 2026 | L53: June | P53: Struck By- Against Object | X53: 1
A54: Esmeralda Avalos Vazquez | B54: 46199 | C54: Rutilio Rodriguez | D54: Harvest | E54: 106 | F54: SRM Removal | G54: Strain | H54: LT - Wrist | I54: FA | J54: No | K54: 2026 | L54: June | P54: Struck By Cattle | X54: 1
A55: Pablo de la Cruz | B55: 46198 | C55: Erwin Vega | D55: Fabrication | E55: 124 | F55: Cooler Cordinator | G55: Strain | H55: RT - Hip | I55: FA | J55: No | K55: 2026 | L55: June | P55: Struck by Equipment | X55: 1
... A64: Jose Madrigal | B64: 46196 | C64: Alex Vargas | D64: Harvest | E64: 102 | F64: NA - Subtask | G64: Slip, Trip, & Fall | H64: RT - Forearm & LT - Calf | I64: FA | J64: No | K64: 2026 | L64: June | P64: Violance / Assault | X64: 1
A65: Juan Rivera | B65: 46196 | C65: Christopher Moreno | D65: Buildings & Grounds | E65: B&G | F65: Maintenance Lead | G65: Strain | H65: LT - Lower Back | I65: FA | J65: No | K65: 2026 | L65: June | X65: 1
A66: Rocio Bernal | B66: 46196 | C66: Samuel Sierra | D66: Harvest | E66: 109 | F66: Tripe Pack Off | G66: Rash | H66: LT - Wrist | I66: FA | J66: No | K66: 2026 | L66: June | X66: 1
A67: Celso Avendano | B67: 46195 | C67: Ovidio Sanchez | D67: Fabrication | E67: 400 | F67: Circular Saw | G67: Struck by - against object | H67: RT - Forearm | I67: FA | J67: No | K67: 2026 | L67: June | X67: 1
A68: Luis Llamas | B68: 46195 | C68: Erwin Vega | D68: Fabrication | E68: 124 | F68: Cooler Clean Up | G68: Strain | H68: Bilateral - Lower Back | I68: FA | J68: No | K68: 2026 | L68: June | X68: 1
A69: Angel Campas | B69: 46195 | C69: Michael Orozco | D69: Harvest | E69: 104 | F69: Tongue Dropper | G69: Contact Stess | H69: Bilateral - Pinky Fingers | I69: FA | J69: No | K69: 2026 | L69: June | X69: 1
A70: Rocio Bernal | B70: 46195 | C70: Samuel Sierra | D70: Harvest | E70: 109 | F70: Tripe Pack Off | G70: Strain | H70: LT - Wrist | I70: FA | J70: No | K70: 2026 | L70: June | X70: 1
A71: Juan Rodriguez | B71: 46192 | C71: Juan Rodriguez | D71: Fabrication | E71: 415 | F71: Chuck Roller | G71: Strain | H71: LT - Shoulder Blade | I71: FA | J71: No | K71: 2026 | L71: June | X71: 1
A72: Esmeralda Avalos Vazquez | B72: 46192 | C72: Rutilio Rodriguez | D72: Harvest | E72: 106 | F72: Spinal Cord Remover | G72: Strain | H72: RT - Hand | I72: FA | J72: No | K72: 2026 | L72: June | X72: 1
A73: Justin Briggs | B73: 46192 | C73: Richard Xiong | D73: Harvest | E73: 101 | F73: Lowrator | G73: Strain | H73: RT - Chest & Shoulder | I73: FA | J73: No | K73: 2026 | L73: June | X73: 1
A74: Jose Rivas | B74: 46192 | C74: Osbaldo Gutierrez | D74: Maintenance | E74: Maintenance | F74: Maintenance | G74: Strain | H74: Lower Back | I74: FA | J74: No | K74: 2026 | L74: June | X74: 1
A75: Jorge Maldonado | B75: 46191 | C75: Diego Soria | D75: Fabrication | E75: 405 | F75: Plate Boner | G75: Sprain | H75: RT - Thumb | I75: RECORDABLE | J75: Yes | K75: 2026 | L75: June | X75: 1
A76: Tomasa Quinonez | B76: 46189 | C76: Elizabeth Neufeld | D76: Fabrication | E76: 420 | F76: Flap Meat Trimmer | G76: Pinch Point - Caught In | H76: LT - Index Finger | I76: FA | J76: No | K76: 2026 | L76: June | X76: 1
... A468: Raymundo Vargas Jr | B468: 45814 | C468: Ovidio Sanchez | D468: Fabrication | E468: 400 | F468: Circular Saw | G468: Strain | H468: RT - Wrist | I468: FA | J468: No | K468: 2025 | L468: June | X468: 0
A469: Normal Ortega | B469: 45814 | C469: Diego Soria | D469: Fabrication | E469: 420 | F469: Flank Trimmer | G469: Strain | H469: 0 | I469: FA | J469: No | K469: 2025 | L469: June | X469: 0
A470: Ezequiel Ambriz | B470: 45814 | C470: Carlos Mata | D470: Maintnances | E470: Utilities | F470: Utilities Op. | G470: Strain | H470: RT - Wrist | I470: RECORDABLE | J470: Yes | K470: 2025 | L470: June | X470: 0
A471: Victor Urenas | B471: 45811 | C471: Clara Salazar | D471: Recycling | E471: Outside Clean Up | F471: Outside Clean Up | G471: Contact Stress | H471: RT - Thumb | I471: FA | J471: No | K471: 2025 | L471: June | X471: 0
A472: Gregorio Montemayor | B472: 45811 | C472: Clara Salazar | D472: Recycling | E472: Outside Clean Up | F472: Outside Clean Up | G472: Contact Stress | H472: LF - Thumb | I472: FA | J472: No | K472: 2025 | L472: June | X472: 0
A473: Rogelio Mendoza | B473: 45811 | C473: Manuel Alanis | D473: Maintnances | E473: Harvest Maint | F473: Maintenance | G473: Electric Shock | H473: Bilateral Hands | I473: RPO | J473: No | K473: 2025 | L473: June | X473: 0
A474: Francisco Chavez | B474: 45811 | C474: Michael Orozco | D474: Harvest | E474: 105 | F474: Heart Precenter | G474: Foreign boby in eye | H474: RT - Eye | I474: RPO | J474: No | K474: 2025 | L474: June | X474: 0
A475: Ismael Aldana | B475: 45811 | C475: Juan Rodriguez | D475: Fabrication | E475: 415 | F475: Chuck Bonner | G475: Struck-by Against Object | H475: RT - Thumb | I475: FA | J475: No | K475: 2025 | L475: June | X475: 0
A476: Jonny Garcia Soto | B476: 45810 | C476: marilyn herrera | D476: Harvest | E476: 100 | F476: Herdsman | G476: Puncture | H476: LF - Pinky & Ring Finger | I476: FA | J476: No | K476: 2025 | L476: June | X476: 0
A477: Alejandra Ruiz | B477: 45807 | C477: Raymond Trevino | D477: FSQA | E477: QA | F477: QA | G477: Burn | H477: RT Hand | I477: FA | J477: No | K477: 2025 | L477: May | X477: 0
A478: David Cruz | B478: 45807 | C478: Richard Xiong | D478: Harvest | E478: 101 | F478: 2nd Legger | G478: Contact Stress | H478: RT - Pinky | I478: RPO | J478: No | K478: 2025 | L478: May | X478: 0
A479: Rosendo Granados | B479: 45806 | C479: Christian Lopez | D479: Harvest | E479: 106 | F479: USDA Rail Out | G479: Strain | H479: RT - Shoulder | I479: FA | J479: No | K479: 2025 | L479: May | X479: 0
A480: Berenise Diaz | B480: 45806 | C480: Raymond Trevino | D480: FSQA | E480: QA | F480: QA | G480: Burn | H480: RT - Palm | I480: FA | J480: No | K480: 2025 | L480: May | X480: 0
A481: Esmeralda Avalos | B481: 45806 | C481: Christian Lopez | D481: Harvest | E481: 106 | F481: SRM Remover | G481: Burn | H481: Buttocks | I481: FA | J481: No | K481: 2025 | L481: May | X481: 0
... A518: Tania Banegas | B518: 45737 | C518: Ovidio Sanchez | D518: Fabrication | E518: 400 | F518: Brisket Wiz. Op. | G518: Strain | H518: RT - Elbow | I518: FA | J518: No | K518: 2025 | L518: March | X518: 0
A519: Jazmine Gonzalez | B519: 45737 | C519: Michael Orozco | D519: Harvest | E519: 102 | F519: Whizzard Op. | G519: 0 | H519: 0 | I519: RPO | J519: No | K519: 2025 | L519: March | X519: 0
A520: Saray Pedroza | B520: 45736 | C520: Samuel Sierra | D520: Harvest | E520: 109 | F520: Ox Tail Wash | G520: Burn | H520: LT - Shoulder | I520: FA | J520: No | K520: 2025 | L520: March | X520: 0
A521: Emmanuel Nunez | B521: 45735 | C521: Michael Orozco | D521: Harvest | E521: 105 | F521: Paunch Puller | G521: Sprain | H521: LT - Forearm & Wrist | I521: FA | J521: No | K521: 2025 | L521: March | X521: 0
A522: Cruz Lopez | B522: 45735 | C522: Michael Orozco | D522: Harvest | E522: 105 | F522: Gutter | G522: Laceration | H522: RT - Palm | I522: RPO | J522: No | K522: 2025 | L522: March | X522: 0
A523: Noe Fraga Ruiz | B523: 45730 | C523: Ovidio Sanchez | D523: Fabrication | E523: 400 | F523: Brisket Boner | G523: Strain | H523: Upper - Back | I523: FA | J523: No | K523: 2025 | L523: March | X523: 0
A524: Alexander Ruiz Flores | B524: 45730 | C524: Ovidio Sanchez | D524: Fabrication | E524: 400 | F524: CO2 Injector | G524: Strain | H524: RT - Hand / LT - Shoulder | I524: FA | J524: No | K524: 2025 | L524: March | X524: 0
A525: Sergio Torres Jimenez | B525: 45730 | C525: Samuel Sierra | D525: Harvest | E525: 109 | F525: Tripe Pack Off | G525: Rash | H525: LT - RT Hands, Thumbs & Fingers. | I525: FA | J525: No | K525: 2025 | L525: March | X525: 0
A526: Yvonne Martinez | B526: 45730 | C526: Veronica Figueroa | D526: Fabrication | E526: 420 | F526: Whizzard Op. | G526: Strain | H526: RT - Diggits | I526: FA | J526: No | K526: 2025 | L526: March | X526: 0
A527: Carlos Jose Castano | B527: 45730 | C527: Christopher Moreno | D527: Maintnances | E527: BG | F527: Glift Mechanic | G527: Impact? | H527: Right - Toe | I527: RPO | J527: No | K527: 2025 | L527: March | X527: 0
A528: Enrique Ramos Serrano | B528: 45728 | C528: Jarrod Villareal | D528: Fabrication | E528: 405 | F528: 3 Bonner | G528: Strain | H528: LT - Hand, digits, and forearm | I528: FA | J528: No | K528: 2025 | L528: March | X528: 0
A529: Jonny Garcia Soto | B529: 45728 | C529: marilyn herrera | D529: Harvest | E529: 100 | F529: Herdsman | G529: Crush Injury | H529: RT - Arm | I529: RPO | J529: No | K529: 2025 | L529: March | X529: 0
A530: Anthony Valdez | B530: 45728 | C530: marilyn herrera | D530: Harvest | E530: 100 | F530: Herdsman | G530: Crush Injury | H530: RT - Knee, Leg | I530: FA | J530: No | K530: 2025 | L530: March | X530: 0
A531: Ra Thach | B531: 45728 | C531: Juan Ramirez | D531: Fabrication | E531: 410 | F531: Aitch Boner | G531: Rash | H531: RT - Forearm | I531: FA | J531: No | K531: 2025 | L531: March | X531: 0
... A581: Kenneth Rayburn | B581: 45660 | C581: Ovidio Sanchez | D581: Fabrication | E581: 400 | F581: Wing Dropper | G581: Contact Stress | H581: LT - Index Finger | I581: FA | J581: No | K581: 2025 | L581: January | X581: 0

Sheet Dashboard
A4: =TEXT(Data!B2,"mmm dd, yyyy")&" · Focus "&Data!B3&" · "&Data!B17&" · Sev "&Data!B96 -> Jul 27, 2026 · Focus 2026 · Medium Risk · Sev 43 | Q4: Focus Yr | R4: =Data!B3 -> 2026
A5: YTD RECORDABLE RATE | C5: DAYS SINCE LAST REC. | O5: SAFETY STATUS
A6: =Data!B11 -> 0.025454545 | C6: =INT(Data!B12) -> 26 | O6: =Data!B17 -> Medium Risk
A9: TOTAL INCIDENTS YTD | C9: RECORDABLE | E9: FIRST AID (FA) | G9: RPO / MOD DUTY | I9: RECORDABLE RATE | K9: DAYS W/O RECORDABLE | M9: LEADING INJURY | O9: TOP DEPARTMENT
A10: =Data!B7 -> 275 | C10: =Data!B8 -> 7 | E10: =Data!B9 -> 228 | G10: =Data!B10 -> 40 | I10: =Data!B11 -> 0.025454545 | K10: =INT(Data!B12) -> 26 | M10: =Data!B13 -> Strain | O10: =Data!B14 -> Fabrication
A12: =Data!B87 -> ▲ +95% vs YTD | C12: =Data!B88 -> ● +0 vs YTD | E12: =Data!B89 -> 83% of YTD | G12: =Data!B90 -> 15% of YTD | I12: =Data!B91 -> ▼ -2.4% | K12: =Data!B92 -> 7/1 · 30+ goal | M12: =Data!B93 -> 97 cases | O12: =Data!B94 -> 48% share
A14: KEY FINDINGS | I14: YTD COMPARISON
A15: =Data!B63&": "&Data!B64&" inc ("&Data!B84&" "&TEXT(Data!B66,"+0;-0")&" MoM)" -> July: 43 inc (▼ -13 MoM) | I15: Metric | J15: 2026 YTD | K15: 2025 YTD | L15: Trend
A16: =Data!B14&" leads ("&TEXT(Data!B67,"0%")&")" -> Fabrication leads (48%) | I16: Total Incidents | J16: =Data!B7 -> 275 | K16: =Data!D7 -> 141 | L16: =Data!B101 -> ▲ +134
A17: =Data!B13&" #1 injury ("&INDEX(_xlfn.ANCHORARRAY(Data!$G$65),1,2)&")" -> Strain #1 injury (97) | I17: Recordable | J17: =Data!B8 -> 7 | K17: =Data!D8 -> 7 | L17: =Data!B102 -> ● 0
A18: ="Rec "&Data!B8&" vs "&Data!D8&" · rate "&TEXT(Data!B11,"0.0%") -> Rec 7 vs 7 · rate 2.5% | I18: First Aid | J18: =Data!B9 -> 228 | K18: =Data!D9 -> 104 | L18: =Data!B103 -> ▲ +124
A19: ="YTD "&Data!B7&" vs "&Data!D7&" ("&TEXT(Data!B68,"+0%;-0%")&")" -> YTD 275 vs 141 (+95%) | I19: RPO | J19: =Data!B10 -> 40 | K19: =Data!D10 -> 30 | L19: =Data!B104 -> ▲ +10
A20: ="ACTION: "&Data!B110 -> ACTION: Focus ergo & coaching in Fabrication; reduce Strain exposures. | I20: Rec. Rate | J20: =Data!B11 -> 0.025454545 | K20: =Data!D11 -> 0.04964539 | L20: =Data!B105 -> ▼ -2.4%
A21: TRENDING
A22: Depts | B22: =INDEX(_xlfn.ANCHORARRAY(Data!$D$65),1,1)&" "&INDEX(_xlfn.ANCHORARRAY(Data!$D$65),1,2) -> Fabrication 132 | C22: =INDEX(_xlfn.ANCHORARRAY(Data!$D$65),2,1)&" "&INDEX(_xlfn.ANCHORARRAY(Data!$D$65),2,2) -> Harvest 106 | D22: =INDEX(_xlfn.ANCHORARRAY(Data!$D$65),3,1)&" "&INDEX(_xlfn.ANCHORARRAY(Data!$D$65),3,2) -> Maintenance 10 | I22: TOP SUPERVISORS
A23: Areas | B23: =INDEX(_xlfn.ANCHORARRAY(Data!$J$65),1,1)&" "&INDEX(_xlfn.ANCHORARRAY(Data!$J$65),1,2) -> 102 32 | C23: =INDEX(_xlfn.ANCHORARRAY(Data!$J$65),2,1)&" "&INDEX(_xlfn.ANCHORARRAY(Data!$J$65),2,2) -> 410 23 | D23: =INDEX(_xlfn.ANCHORARRAY(Data!$J$65),3,1)&" "&INDEX(_xlfn.ANCHORARRAY(Data!$J$65),3,2) -> 420 22 | I23: # | J23: Supervisor | K23: Incidents | L23: Rec.
A24: Supers | B24: =INDEX(_xlfn.ANCHORARRAY(Data!$M$65),1,1)&" "&INDEX(_xlfn.ANCHORARRAY(Data!$M$65),1,2) -> Samuel Sierra 24 | C24: =INDEX(_xlfn.ANCHORARRAY(Data!$M$65),2,1)&" "&INDEX(_xlfn.ANCHORARRAY(Data!$M$65),2,2) -> Elizabeth Neufeld 23 | D24: =INDEX(_xlfn.ANCHORARRAY(Data!$M$65),3,1)&" "&INDEX(_xlfn.ANCHORARRAY(Data!$M$65),3,2) -> Juan Ramirez 21 | I24: 1 | J24: =IFERROR(INDEX(_xlfn.ANCHORARRAY(Data!$M$65),1,1),"") -> Samuel Sierra | K24: =IFERROR(INDEX(_xlfn.ANCHORARRAY(Data!$M$65),1,2),0) -> 24 | L24: =IFERROR(VLOOKUP(J24,Data!$Q$8:$S$17,3,FALSE),0) -> 1
A25: Share | B25: =Data!B107 -> ██████████░░░░░░░░░░ | C25: =TEXT(Data!B67,"0.0%")&" top dept" -> 48.0% top dept | I25: 2 | J25: =IFERROR(INDEX(_xlfn.ANCHORARRAY(Data!$M$65),2,1),"") -> Elizabeth Neufeld | K25: =IFERROR(INDEX(_xlfn.ANCHORARRAY(Data!$M$65),2,2),0) -> 23 | L25: =IFERROR(VLOOKUP(J25,Data!$Q$8:$S$17,3,FALSE),0) -> 0
A26: TOP JTPs | C26: Slicers → PivotCache | I26: 3 | J26: =IFERROR(INDEX(_xlfn.ANCHORARRAY(Data!$M$65),3,1),"") -> Juan Ramirez | K26: =IFERROR(INDEX(_xlfn.ANCHORARRAY(Data!$M$65),3,2),0) -> 21 | L26: =IFERROR(VLOOKUP(J26,Data!$Q$8:$S$17,3,FALSE),0) -> 0
A27: Job | B27: Count | I27: 4 | J27: =IFERROR(INDEX(_xlfn.ANCHORARRAY(Data!$M$65),4,1),"") -> Ovidio Sanchez | K27: =IFERROR(INDEX(_xlfn.ANCHORARRAY(Data!$M$65),4,2),0) -> 21 | L27: =IFERROR(VLOOKUP(J27,Data!$Q$8:$S$17,3,FALSE),0) -> 0
A28: =IFERROR(INDEX(_xlfn.ANCHORARRAY(Data!$P$65),1,1),"") -> Tender Puller | B28: =IFERROR(INDEX(_xlfn.ANCHORARRAY(Data!$P$65),1,2),0) -> 8 | I28: 5 | J28: =IFERROR(INDEX(_xlfn.ANCHORARRAY(Data!$M$65),5,1),"") -> Alex Vargas | K28: =IFERROR(INDEX(_xlfn.ANCHORARRAY(Data!$M$65),5,2),0) -> 19 | L28: =IFERROR(VLOOKUP(J28,Data!$Q$8:$S$17,3,FALSE),0) -> 0
A29: =IFERROR(INDEX(_xlfn.ANCHORARRAY(Data!$P$65),2,1),"") -> Plate Boner | B29: =IFERROR(INDEX(_xlfn.ANCHORARRAY(Data!$P$65),2,2),0) -> 6 | I29: 6 | J29: =IFERROR(INDEX(_xlfn.ANCHORARRAY(Data!$M$65),6,1),"") -> Diego Soria | K29: =IFERROR(INDEX(_xlfn.ANCHORARRAY(Data!$M$65),6,2),0) -> 18 | L29: =IFERROR(VLOOKUP(J29,Data!$Q$8:$S$17,3,FALSE),0) -> 2
A30: =IFERROR(INDEX(_xlfn.ANCHORARRAY(Data!$P$65),3,1),"") -> Intestine Stripper | B30: =IFERROR(INDEX(_xlfn.ANCHORARRAY(Data!$P$65),3,2),0) -> 6 | I30: 7 | J30: =IFERROR(INDEX(_xlfn.ANCHORARRAY(Data!$M$65),7,1),"") -> Christian Lopez | K30: =IFERROR(INDEX(_xlfn.ANCHORARRAY(Data!$M$65),7,2),0) -> 15 | L30: =IFERROR(VLOOKUP(J30,Data!$Q$8:$S$17,3,FALSE),0) -> 0
A31: =IFERROR(INDEX(_xlfn.ANCHORARRAY(Data!$P$65),4,1),"") -> Whizzard Knife Op. | B31: =IFERROR(INDEX(_xlfn.ANCHORARRAY(Data!$P$65),4,2),0) -> 5 | I31: 8 | J31: =IFERROR(INDEX(_xlfn.ANCHORARRAY(Data!$M$65),8,1),"") -> Chadu Moua | K31: =IFERROR(INDEX(_xlfn.ANCHORARRAY(Data!$M$65),8,2),0) -> 15 | L31: =IFERROR(VLOOKUP(J31,Data!$Q$8:$S$17,3,FALSE),0) -> 0
A32: =IFERROR(INDEX(_xlfn.ANCHORARRAY(Data!$P$65),5,1),"") -> Wax Papper Remover | B32: =IFERROR(INDEX(_xlfn.ANCHORARRAY(Data!$P$65),5,2),0) -> 5
A33: =IFERROR(INDEX(_xlfn.ANCHORARRAY(Data!$P$65),6,1),"") -> Cattle Pusher | B33: =IFERROR(INDEX(_xlfn.ANCHORARRAY(Data!$P$65),6,2),0) -> 5
A34: EXECUTIVE BRIEF | B34: =IFERROR(INDEX(_xlfn.ANCHORARRAY(Data!$P$65),7,2),0) -> 5
A35: =TEXT(Data!B2,"mmm dd")&": "&Data!B7&" YTD incidents ("&Data!B81&" "&TEXT(Data!B68,"+0%;-0%")&" vs prior). Rec "&Data!B8&" ("&TEXT(Data!B11,"0.0%")&")." -> Jul 27: 275 YTD incidents (▲ +95% vs prior). Rec 7 (2.5%). | B35: =Data!B14&" / "&Data!B13&" drive volume. "&Data!B17&" · Sev "&Data!B96&" ("&Data!B97&")." -> Fabrication / Strain drive volume. Medium Risk · Sev 43 (Elevated).
A36: PERFORMANCE VISUALS | B36: ="Live · "&TEXT(Data!B2,"mmm dd") -> Live · Jul 27
A101: WEEKLY TREND — ACTIVE FILTERS
A102: ="Dept: "&selDept&" · Area: "&selArea&" · Supervisor: "&selSup&" · Type: "&selType&" · ESI: "&selESI&" · Recordable: "&selRec&" · Year: "&selYear&" · Mode: "&selMode -> Dept: (All) · Area: (All) · Supervisor: (All) · Type: (All) · ESI: (All) · Recordable: (All) · Year: (All) · Mode: AND
A103: Change these on the 'Filter Dashboard' sheet — the weekly chart below updates automatically.

Sheet Data
A1: WORKPLACE SAFETY — DATA ENGINE | Z1: 2025
A2: Last refreshed | B2: =TODAY() -> 46230 | Z2: 2026
A3: Focus Year | B3: 2026
A4: Compare Year | B4: 2025
A6: Metric | B6: YTD 2026 | C6: FY 2025 | D6: YTD 2025 (Jan-Jul) | E6: Delta YTD | F6: Notes | H6: DEPARTMENT (2026 YTD) | N6: TOP INJURY / ILLNESS TYPES (2026) | Q6: TOP SUPERVISORS (2026)
A7: Total Incidents | B7: =COUNTIF(Master_List_Of_Injuries[Year],$B$3) -> 275 | C7: =COUNTIF(Master_List_Of_Injuries[Year],$B$4) -> 305 | D7: {=SUMPRODUCT((Master_List_Of_Injuries[Year]=$B$4)*(MONTH(Master_List_Of_Injuries[DOI])<=7)*1)} -> 141 | E7: =B7-D7 -> 134 | F7: All ESI statuses | H7: Department | I7: Incidents | J7: % of Total | K7: Recordables | N7: Injury Type | O7: Incidents | Q7: Supervisor | R7: Incidents | S7: Recordables
A8: Recordable Incidents | B8: {=SUMPRODUCT((Master_List_Of_Injuries[Year]=$B$3)*((Master_List_Of_Injuries[ESI Status]="RECORDABLE")+(Master_List_Of_Injuries[Recordable_Flag]="Yes")>0)*1)} -> 7 | C8: {=SUMPRODUCT((Master_List_Of_Injuries[Year]=$B$4)*((Master_List_Of_Injuries[ESI Status]="RECORDABLE")+(Master_List_Of_Injuries[Recordable_Flag]="Yes")>0)*1)} -> 10 | D8: {=SUMPRODUCT((Master_List_Of_Injuries[Year]=$B$4)*(MONTH(Master_List_Of_Injuries[DOI])<=7)*((Master_List_Of_Injuries[ESI Status]="RECORDABLE")+(Master_List_Of_Injuries[Recordable_Flag]="Yes")>0)*1)} -> 7 | E8: =B8-D8 -> 0 | F8: ESI=RECORDABLE or Flag=Yes | H8: Fabrication | I8: =COUNTIFS(Master_List_Of_Injuries[Year],$B$3,Master_List_Of_Injuries[[Department ]],H8) -> 132 | J8: =IFERROR(I8/$B$7,0) -> 0.48 | K8: {=SUMPRODUCT((Master_List_Of_Injuries[Year]=$B$3)*(Master_List_Of_Injuries[[Department ]]=H8)*((Master_List_Of_Injuries[ESI Status]="RECORDABLE")+(Master_List_Of_Injuries[Recordable_Flag]="Yes")>0)*1)} -> 2 | N8: Strain | O8: =COUNTIFS(Master_List_Of_Injuries[Year],$B$3,Master_List_Of_Injuries[Injury/Illness Type],N8) -> 97 | Q8: Samuel Sierra | R8: =COUNTIFS(Master_List_Of_Injuries[Year],$B$3,Master_List_Of_Injuries[Supervisor],Q8) -> 24 | S8: {=SUMPRODUCT((Master_List_Of_Injuries[Year]=$B$3)*(Master_List_Of_Injuries[Supervisor]=Q8)*((Master_List_Of_Injuries[ESI Status]="RECORDABLE")+(Master_List_Of_Injuries[Recordable_Flag]="Yes")>0)*1)} -> 1
A9: First Aid (FA) | B9: =COUNTIFS(Master_List_Of_Injuries[Year],$B$3,Master_List_Of_Injuries[ESI Status],"FA") -> 228 | C9: =COUNTIFS(Master_List_Of_Injuries[Year],$B$4,Master_List_Of_Injuries[ESI Status],"FA") -> 257 | D9: {=SUMPRODUCT((Master_List_Of_Injuries[Year]=$B$4)*(MONTH(Master_List_Of_Injuries[DOI])<=7)*(Master_List_Of_Injuries[ESI Status]="FA")*1)} -> 104 | E9: =B9-D9 -> 124 | H9: Harvest | I9: =COUNTIFS(Master_List_Of_Injuries[Year],$B$3,Master_List_Of_Injuries[[Department ]],H9) -> 106 | J9: =IFERROR(I9/$B$7,0) -> 0.38545455 | K9: {=SUMPRODUCT((Master_List_Of_Injuries[Year]=$B$3)*(Master_List_Of_Injuries[[Department ]]=H9)*((Master_List_Of_Injuries[ESI Status]="RECORDABLE")+(Master_List_Of_Injuries[Recordable_Flag]="Yes")>0)*1)} -> 3 | N9: Puncture | O9: =COUNTIFS(Master_List_Of_Injuries[Year],$B$3,Master_List_Of_Injuries[Injury/Illness Type],N9) -> 25 | Q9: Elizabeth Neufeld | R9: =COUNTIFS(Master_List_Of_Injuries[Year],$B$3,Master_List_Of_Injuries[Supervisor],Q9) -> 23 | S9: {=SUMPRODUCT((Master_List_Of_Injuries[Year]=$B$3)*(Master_List_Of_Injuries[Supervisor]=Q9)*((Master_List_Of_Injuries[ESI Status]="RECORDABLE")+(Master_List_Of_Injuries[Recordable_Flag]="Yes")>0)*1)} -> 0
A10: RPO / Modified Duty | B10: =COUNTIFS(Master_List_Of_Injuries[Year],$B$3,Master_List_Of_Injuries[ESI Status],"RPO") -> 40 | C10: =COUNTIFS(Master_List_Of_Injuries[Year],$B$4,Master_List_Of_Injuries[ESI Status],"RPO") -> 38 | D10: {=SUMPRODUCT((Master_List_Of_Injuries[Year]=$B$4)*(MONTH(Master_List_Of_Injuries[DOI])<=7)*(Master_List_Of_Injuries[ESI Status]="RPO")*1)} -> 30 | E10: =B10-D10 -> 10 | H10: Maintenance | I10: =COUNTIFS(Master_List_Of_Injuries[Year],$B$3,Master_List_Of_Injuries[[Department ]],H10) -> 10 | J10: =IFERROR(I10/$B$7,0) -> 0.036363636 | K10: {=SUMPRODUCT((Master_List_Of_Injuries[Year]=$B$3)*(Master_List_Of_Injuries[[Department ]]=H10)*((Master_List_Of_Injuries[ESI Status]="RECORDABLE")+(Master_List_Of_Injuries[Recordable_Flag]="Yes")>0)*1)} -> 0 | N10: Slip, Trip, & Fall | O10: =COUNTIFS(Master_List_Of_Injuries[Year],$B$3,Master_List_Of_Injuries[Injury/Illness Type],N10) -> 26 | Q10: Juan Ramirez | R10: =COUNTIFS(Master_List_Of_Injuries[Year],$B$3,Master_List_Of_Injuries[Supervisor],Q10) -> 21 | S10: {=SUMPRODUCT((Master_List_Of_Injuries[Year]=$B$3)*(Master_List_Of_Injuries[Supervisor]=Q10)*((Master_List_Of_Injuries[ESI Status]="RECORDABLE")+(Master_List_Of_Injuries[Recordable_Flag]="Yes")>0)*1)} -> 0
A11: Recordable % of Total | B11: =IFERROR(B8/B7,0) -> 0.025454545 | C11: =IFERROR(C8/C7,0) -> 0.032786885 | D11: =IFERROR(D8/D7,0) -> 0.04964539 | E11: =B11-D11 -> -0.024190845 | F11: Count-based rate | H11: Corrals | I11: =COUNTIFS(Master_List_Of_Injuries[Year],$B$3,Master_List_Of_Injuries[[Department ]],H11) -> 8 | J11: =IFERROR(I11/$B$7,0) -> 0.029090909 | K11: {=SUMPRODUCT((Master_List_Of_Injuries[Year]=$B$3)*(Master_List_Of_Injuries[[Department ]]=H11)*((Master_List_Of_Injuries[ESI Status]="RECORDABLE")+(Master_List_Of_Injuries[Recordable_Flag]="Yes")>0)*1)} -> 1 | N11: Rash | O11: =COUNTIFS(Master_List_Of_Injuries[Year],$B$3,Master_List_Of_Injuries[Injury/Illness Type],N11) -> 14 | Q11: Ovidio Sanchez | R11: =COUNTIFS(Master_List_Of_Injuries[Year],$B$3,Master_List_Of_Injuries[Supervisor],Q11) -> 21 | S11: {=SUMPRODUCT((Master_List_Of_Injuries[Year]=$B$3)*(Master_List_Of_Injuries[Supervisor]=Q11)*((Master_List_Of_Injuries[ESI Status]="RECORDABLE")+(Master_List_Of_Injuries[Recordable_Flag]="Yes")>0)*1)} -> 0
A12: Days Since Last Recordable | B12: =IFERROR(TODAY()-B16,0) -> 26 | F12: From TODAY() | H12: Warehouse | I12: =COUNTIFS(Master_List_Of_Injuries[Year],$B$3,Master_List_Of_Injuries[[Department ]],H12) -> 6 | J12: =IFERROR(I12/$B$7,0) -> 0.021818182 | K12: {=SUMPRODUCT((Master_List_Of_Injuries[Year]=$B$3)*(Master_List_Of_Injuries[[Department ]]=H12)*((Master_List_Of_Injuries[ESI Status]="RECORDABLE")+(Master_List_Of_Injuries[Recordable_Flag]="Yes")>0)*1)} -> 0 | N12: Foreign Object in Eye | O12: =COUNTIFS(Master_List_Of_Injuries[Year],$B$3,Master_List_Of_Injuries[Injury/Illness Type],N12) -> 0 | Q12: Alex Vargas | R12: =COUNTIFS(Master_List_Of_Injuries[Year],$B$3,Master_List_Of_Injuries[Supervisor],Q12) -> 19 | S12: {=SUMPRODUCT((Master_List_Of_Injuries[Year]=$B$3)*(Master_List_Of_Injuries[Supervisor]=Q12)*((Master_List_Of_Injuries[ESI Status]="RECORDABLE")+(Master_List_Of_Injuries[Recordable_Flag]="Yes")>0)*1)} -> 0
A13: Leading Injury Type | B13: =IFERROR(INDEX(_xlfn.ANCHORARRAY($G$65),1,1),"Strain") -> Strain | H13: Buildings & Grounds | I13: =COUNTIFS(Master_List_Of_Injuries[Year],$B$3,Master_List_Of_Injuries[[Department ]],H13) -> 4 | J13: =IFERROR(I13/$B$7,0) -> 0.014545455 | K13: {=SUMPRODUCT((Master_List_Of_Injuries[Year]=$B$3)*(Master_List_Of_Injuries[[Department ]]=H13)*((Master_List_Of_Injuries[ESI Status]="RECORDABLE")+(Master_List_Of_Injuries[Recordable_Flag]="Yes")>0)*1)} -> 0 | N13: Burn | O13: =COUNTIFS(Master_List_Of_Injuries[Year],$B$3,Master_List_Of_Injuries[Injury/Illness Type],N13) -> 12 | Q13: Diego Soria | R13: =COUNTIFS(Master_List_Of_Injuries[Year],$B$3,Master_List_Of_Injuries[Supervisor],Q13) -> 18 | S13: {=SUMPRODUCT((Master_List_Of_Injuries[Year]=$B$3)*(Master_List_Of_Injuries[Supervisor]=Q13)*((Master_List_Of_Injuries[ESI Status]="RECORDABLE")+(Master_List_Of_Injuries[Recordable_Flag]="Yes")>0)*1)} -> 2
A14: Top Department | B14: =IFERROR(INDEX(_xlfn.ANCHORARRAY($D$65),1,1),"Fabrication") -> Fabrication | H14: Outside Clean Up | I14: =COUNTIFS(Master_List_Of_Injuries[Year],$B$3,Master_List_Of_Injuries[[Department ]],H14) -> 3 | J14: =IFERROR(I14/$B$7,0) -> 0.010909091 | K14: {=SUMPRODUCT((Master_List_Of_Injuries[Year]=$B$3)*(Master_List_Of_Injuries[[Department ]]=H14)*((Master_List_Of_Injuries[ESI Status]="RECORDABLE")+(Master_List_Of_Injuries[Recordable_Flag]="Yes")>0)*1)} -> 1 | N14: Contact Stress | O14: =COUNTIFS(Master_List_Of_Injuries[Year],$B$3,Master_List_Of_Injuries[Injury/Illness Type],N14) -> 0 | Q14: Christian Lopez | R14: =COUNTIFS(Master_List_Of_Injuries[Year],$B$3,Master_List_Of_Injuries[Supervisor],Q14) -> 15 | S14: {=SUMPRODUCT((Master_List_Of_Injuries[Year]=$B$3)*(Master_List_Of_Injuries[Supervisor]=Q14)*((Master_List_Of_Injuries[ESI Status]="RECORDABLE")+(Master_List_Of_Injuries[Recordable_Flag]="Yes")>0)*1)} -> 0
A15: Latest Incident Date | B15: =_xlfn.MAXIFS(Master_List_Of_Injuries[DOI],Master_List_Of_Injuries[Year],$B$3) -> 46227 | H15: Loading Dock | I15: =COUNTIFS(Master_List_Of_Injuries[Year],$B$3,Master_List_Of_Injuries[[Department ]],H15) -> 3 | J15: =IFERROR(I15/$B$7,0) -> 0.010909091 | K15: {=SUMPRODUCT((Master_List_Of_Injuries[Year]=$B$3)*(Master_List_Of_Injuries[[Department ]]=H15)*((Master_List_Of_Injuries[ESI Status]="RECORDABLE")+(Master_List_Of_Injuries[Recordable_Flag]="Yes")>0)*1)} -> 0 | N15: Abrasion | O15: =COUNTIFS(Master_List_Of_Injuries[Year],$B$3,Master_List_Of_Injuries[Injury/Illness Type],N15) -> 9 | Q15: Chadu Moua | R15: =COUNTIFS(Master_List_Of_Injuries[Year],$B$3,Master_List_Of_Injuries[Supervisor],Q15) -> 15 | S15: {=SUMPRODUCT((Master_List_Of_Injuries[Year]=$B$3)*(Master_List_Of_Injuries[Supervisor]=Q15)*((Master_List_Of_Injuries[ESI Status]="RECORDABLE")+(Master_List_Of_Injuries[Recordable_Flag]="Yes")>0)*1)} -> 0
A16: Last Recordable Date | B16: =MAX(_xlfn.MAXIFS(Master_List_Of_Injuries[DOI],Master_List_Of_Injuries[Year],$B$3,Master_List_Of_Injuries[ESI Status],"RECORDABLE"),_xlfn.MAXIFS(Master_List_Of_Injuries[DOI],Master_List_Of_Injuries[Year],$B$3,Master_List_Of_Injuries[Recordable_Flag],"Yes")) -> 46204 | H16: FSQA | I16: =COUNTIFS(Master_List_Of_Injuries[Year],$B$3,Master_List_Of_Injuries[[Department ]],H16) -> 2 | J16: =IFERROR(I16/$B$7,0) -> 0.0072727273 | K16: {=SUMPRODUCT((Master_List_Of_Injuries[Year]=$B$3)*(Master_List_Of_Injuries[[Department ]]=H16)*((Master_List_Of_Injuries[ESI Status]="RECORDABLE")+(Master_List_Of_Injuries[Recordable_Flag]="Yes")>0)*1)} -> 0 | N16: Laceration | O16: =COUNTIFS(Master_List_Of_Injuries[Year],$B$3,Master_List_Of_Injuries[Injury/Illness Type],N16) -> 8 | Q16: Rutilo Rodriguez | R16: =COUNTIFS(Master_List_Of_Injuries[Year],$B$3,Master_List_Of_Injuries[Supervisor],Q16) -> 0 | S16: {=SUMPRODUCT((Master_List_Of_Injuries[Year]=$B$3)*(Master_List_Of_Injuries[Supervisor]=Q16)*((Master_List_Of_Injuries[ESI Status]="RECORDABLE")+(Master_List_Of_Injuries[Recordable_Flag]="Yes")>0)*1)} -> 0
A17: Safety Risk Status | B17: =IF(OR(B11>=0.05,B12<14),"High Risk",IF(OR(B11>=0.03,B12<30),"Medium Risk","Low Risk")) -> Medium Risk | F17: Based on recordable rate + recency | H17: Utilities | I17: =COUNTIFS(Master_List_Of_Injuries[Year],$B$3,Master_List_Of_Injuries[[Department ]],H17) -> 1 | J17: =IFERROR(I17/$B$7,0) -> 0.0036363636 | K17: {=SUMPRODUCT((Master_List_Of_Injuries[Year]=$B$3)*(Master_List_Of_Injuries[[Department ]]=H17)*((Master_List_Of_Injuries[ESI Status]="RECORDABLE")+(Master_List_Of_Injuries[Recordable_Flag]="Yes")>0)*1)} -> 0 | N17: Struck By Cattle | O17: =COUNTIFS(Master_List_Of_Injuries[Year],$B$3,Master_List_Of_Injuries[Injury/Illness Type],N17) -> 7 | Q17: Richard Xiong | R17: =COUNTIFS(Master_List_Of_Injuries[Year],$B$3,Master_List_Of_Injuries[Supervisor],Q17) -> 15 | S17: {=SUMPRODUCT((Master_List_Of_Injuries[Year]=$B$3)*(Master_List_Of_Injuries[Supervisor]=Q17)*((Master_List_Of_Injuries[ESI Status]="RECORDABLE")+(Master_List_Of_Injuries[Recordable_Flag]="Yes")>0)*1)} -> 0
H18: Recycling | I18: =COUNTIFS(Master_List_Of_Injuries[Year],$B$3,Master_List_Of_Injuries[[Department ]],H18) -> 0 | J18: =IFERROR(I18/$B$7,0) -> 0 | K18: {=SUMPRODUCT((Master_List_Of_Injuries[Year]=$B$3)*(Master_List_Of_Injuries[[Department ]]=H18)*((Master_List_Of_Injuries[ESI Status]="RECORDABLE")+(Master_List_Of_Injuries[Recordable_Flag]="Yes")>0)*1)} -> 0 | N18: Inhalation / Reaction | O18: =COUNTIFS(Master_List_Of_Injuries[Year],$B$3,Master_List_Of_Injuries[Injury/Illness Type],N18) -> 7
N19: Crush Injury | O19: =COUNTIFS(Master_List_Of_Injuries[Year],$B$3,Master_List_Of_Injuries[Injury/Illness Type],N19) -> 1
A20: MONTHLY INCIDENT TREND | N20: Struck By/Against Object | O20: =COUNTIFS(Master_List_Of_Injuries[Year],$B$3,Master_List_Of_Injuries[Injury/Illness Type],N20) -> 0 | Q20: TOP JTPs / JOBS (2026)
A21: Month | B21: # | C21: 2025 Incidents | D21: 2026 Incidents | E21: 2025 Recordable | F21: 2026 Recordable | H21: ESI STATUS (2026 YTD) | N21: Struck By Equipment | O21: =COUNTIFS(Master_List_Of_Injuries[Year],$B$3,Master_List_Of_Injuries[Injury/Illness Type],N21) -> 3 | Q21: JTP | R21: Incidents
A22: January | B22: 1 | C22: =COUNTIFS(Master_List_Of_Injuries[Year],$B$4,Master_List_Of_Injuries[Month.1],A22) -> 23 | D22: =COUNTIFS(Master_List_Of_Injuries[Year],$B$3,Master_List_Of_Injuries[Month.1],A22) -> 28 | E22: {=SUMPRODUCT((Master_List_Of_Injuries[Year]=$B$4)*(Master_List_Of_Injuries[Month.1]=A22)*((Master_List_Of_Injuries[ESI Status]="RECORDABLE")+(Master_List_Of_Injuries[Recordable_Flag]="Yes")>0)*1)} -> 1 | F22: {=SUMPRODUCT((Master_List_Of_Injuries[Year]=$B$3)*(Master_List_Of_Injuries[Month.1]=A22)*((Master_List_Of_Injuries[ESI Status]="RECORDABLE")+(Master_List_Of_Injuries[Recordable_Flag]="Yes")>0)*1)} -> 1 | H22: ESI Status | I22: Incidents | J22: % | Q22: Whizzard Knife Op. | R22: =COUNTIFS(Master_List_Of_Injuries[Year],$B$3,Master_List_Of_Injuries[JTP:],Q22) -> 5
A23: February | B23: 2 | C23: =COUNTIFS(Master_List_Of_Injuries[Year],$B$4,Master_List_Of_Injuries[Month.1],A23) -> 19 | D23: =COUNTIFS(Master_List_Of_Injuries[Year],$B$3,Master_List_Of_Injuries[Month.1],A23) -> 44 | E23: {=SUMPRODUCT((Master_List_Of_Injuries[Year]=$B$4)*(Master_List_Of_Injuries[Month.1]=A23)*((Master_List_Of_Injuries[ESI Status]="RECORDABLE")+(Master_List_Of_Injuries[Recordable_Flag]="Yes")>0)*1)} -> 3 | F23: {=SUMPRODUCT((Master_List_Of_Injuries[Year]=$B$3)*(Master_List_Of_Injuries[Month.1]=A23)*((Master_List_Of_Injuries[ESI Status]="RECORDABLE")+(Master_List_Of_Injuries[Recordable_Flag]="Yes")>0)*1)} -> 0 | H23: FA | I23: =COUNTIFS(Master_List_Of_Injuries[Year],$B$3,Master_List_Of_Injuries[ESI Status],H23) -> 228 | J23: =IFERROR(I23/$B$7,0) -> 0.82909091 | Q23: Tender Puller | R23: =COUNTIFS(Master_List_Of_Injuries[Year],$B$3,Master_List_Of_Injuries[JTP:],Q23) -> 8
A24: March | B24: 3 | C24: =COUNTIFS(Master_List_Of_Injuries[Year],$B$4,Master_List_Of_Injuries[Month.1],A24) -> 24 | D24: =COUNTIFS(Master_List_Of_Injuries[Year],$B$3,Master_List_Of_Injuries[Month.1],A24) -> 31 | E24: {=SUMPRODUCT((Master_List_Of_Injuries[Year]=$B$4)*(Master_List_Of_Injuries[Month.1]=A24)*((Master_List_Of_Injuries[ESI Status]="RECORDABLE")+(Master_List_Of_Injuries[Recordable_Flag]="Yes")>0)*1)} -> 1 | F24: {=SUMPRODUCT((Master_List_Of_Injuries[Year]=$B$3)*(Master_List_Of_Injuries[Month.1]=A24)*((Master_List_Of_Injuries[ESI Status]="RECORDABLE")+(Master_List_Of_Injuries[Recordable_Flag]="Yes")>0)*1)} -> 1 | H24: RPO | I24: =COUNTIFS(Master_List_Of_Injuries[Year],$B$3,Master_List_Of_Injuries[ESI Status],H24) -> 40 | J24: =IFERROR(I24/$B$7,0) -> 0.14545455 | N24: TOP AREAS (2026) | Q24: Plate Boner | R24: =COUNTIFS(Master_List_Of_Injuries[Year],$B$3,Master_List_Of_Injuries[JTP:],Q24) -> 6
A25: April | B25: 4 | C25: =COUNTIFS(Master_List_Of_Injuries[Year],$B$4,Master_List_Of_Injuries[Month.1],A25) -> 17 | D25: =COUNTIFS(Master_List_Of_Injuries[Year],$B$3,Master_List_Of_Injuries[Month.1],A25) -> 48 | E25: {=SUMPRODUCT((Master_List_Of_Injuries[Year]=$B$4)*(Master_List_Of_Injuries[Month.1]=A25)*((Master_List_Of_Injuries[ESI Status]="RECORDABLE")+(Master_List_Of_Injuries[Recordable_Flag]="Yes")>0)*1)} -> 0 | F25: {=SUMPRODUCT((Master_List_Of_Injuries[Year]=$B$3)*(Master_List_Of_Injuries[Month.1]=A25)*((Master_List_Of_Injuries[ESI Status]="RECORDABLE")+(Master_List_Of_Injuries[Recordable_Flag]="Yes")>0)*1)} -> 1 | H25: RECORDABLE | I25: =COUNTIFS(Master_List_Of_Injuries[Year],$B$3,Master_List_Of_Injuries[ESI Status],H25) -> 7 | J25: =IFERROR(I25/$B$7,0) -> 0.025454545 | N25: Area | O25: Incidents | Q25: Intestine Stripper | R25: =COUNTIFS(Master_List_Of_Injuries[Year],$B$3,Master_List_Of_Injuries[JTP:],Q25) -> 6
A26: May | B26: 5 | C26: =COUNTIFS(Master_List_Of_Injuries[Year],$B$4,Master_List_Of_Injuries[Month.1],A26) -> 22 | D26: =COUNTIFS(Master_List_Of_Injuries[Year],$B$3,Master_List_Of_Injuries[Month.1],A26) -> 25 | E26: {=SUMPRODUCT((Master_List_Of_Injuries[Year]=$B$4)*(Master_List_Of_Injuries[Month.1]=A26)*((Master_List_Of_Injuries[ESI Status]="RECORDABLE")+(Master_List_Of_Injuries[Recordable_Flag]="Yes")>0)*1)} -> 0 | F26: {=SUMPRODUCT((Master_List_Of_Injuries[Year]=$B$3)*(Master_List_Of_Injuries[Month.1]=A26)*((Master_List_Of_Injuries[ESI Status]="RECORDABLE")+(Master_List_Of_Injuries[Recordable_Flag]="Yes")>0)*1)} -> 1 | N26: 102 | O26: =COUNTIFS(Master_List_Of_Injuries[Year],$B$3,Master_List_Of_Injuries[Area],N26) -> 32 | Q26: Wax Papper Remover | R26: =COUNTIFS(Master_List_Of_Injuries[Year],$B$3,Master_List_Of_Injuries[JTP:],Q26) -> 5
A27: June | B27: 6 | C27: =COUNTIFS(Master_List_Of_Injuries[Year],$B$4,Master_List_Of_Injuries[Month.1],A27) -> 21 | D27: =COUNTIFS(Master_List_Of_Injuries[Year],$B$3,Master_List_Of_Injuries[Month.1],A27) -> 56 | E27: {=SUMPRODUCT((Master_List_Of_Injuries[Year]=$B$4)*(Master_List_Of_Injuries[Month.1]=A27)*((Master_List_Of_Injuries[ESI Status]="RECORDABLE")+(Master_List_Of_Injuries[Recordable_Flag]="Yes")>0)*1)} -> 1 | F27: {=SUMPRODUCT((Master_List_Of_Injuries[Year]=$B$3)*(Master_List_Of_Injuries[Month.1]=A27)*((Master_List_Of_Injuries[ESI Status]="RECORDABLE")+(Master_List_Of_Injuries[Recordable_Flag]="Yes")>0)*1)} -> 2 | N27: 410 | O27: =COUNTIFS(Master_List_Of_Injuries[Year],$B$3,Master_List_Of_Injuries[Area],N27) -> 23 | Q27: Cattle Pusher | R27: =COUNTIFS(Master_List_Of_Injuries[Year],$B$3,Master_List_Of_Injuries[JTP:],Q27) -> 5
A28: July | B28: 7 | C28: =COUNTIFS(Master_List_Of_Injuries[Year],$B$4,Master_List_Of_Injuries[Month.1],A28) -> 15 | D28: =COUNTIFS(Master_List_Of_Injuries[Year],$B$3,Master_List_Of_Injuries[Month.1],A28) -> 43 | E28: {=SUMPRODUCT((Master_List_Of_Injuries[Year]=$B$4)*(Master_List_Of_Injuries[Month.1]=A28)*((Master_List_Of_Injuries[ESI Status]="RECORDABLE")+(Master_List_Of_Injuries[Recordable_Flag]="Yes")>0)*1)} -> 1 | F28: {=SUMPRODUCT((Master_List_Of_Injuries[Year]=$B$3)*(Master_List_Of_Injuries[Month.1]=A28)*((Master_List_Of_Injuries[ESI Status]="RECORDABLE")+(Master_List_Of_Injuries[Recordable_Flag]="Yes")>0)*1)} -> 1 | N28: 420 | O28: =COUNTIFS(Master_List_Of_Injuries[Year],$B$3,Master_List_Of_Injuries[Area],N28) -> 22 | Q28: Herdsman | R28: =COUNTIFS(Master_List_Of_Injuries[Year],$B$3,Master_List_Of_Injuries[JTP:],Q28) -> 5
A29: August | B29: 8 | C29: =COUNTIFS(Master_List_Of_Injuries[Year],$B$4,Master_List_Of_Injuries[Month.1],A29) -> 20 | D29: =COUNTIFS(Master_List_Of_Injuries[Year],$B$3,Master_List_Of_Injuries[Month.1],A29) -> 0 | E29: {=SUMPRODUCT((Master_List_Of_Injuries[Year]=$B$4)*(Master_List_Of_Injuries[Month.1]=A29)*((Master_List_Of_Injuries[ESI Status]="RECORDABLE")+(Master_List_Of_Injuries[Recordable_Flag]="Yes")>0)*1)} -> 2 | F29: {=SUMPRODUCT((Master_List_Of_Injuries[Year]=$B$3)*(Master_List_Of_Injuries[Month.1]=A29)*((Master_List_Of_Injuries[ESI Status]="RECORDABLE")+(Master_List_Of_Injuries[Recordable_Flag]="Yes")>0)*1)} -> 0 | N29: 400 | O29: =COUNTIFS(Master_List_Of_Injuries[Year],$B$3,Master_List_Of_Injuries[Area],N29) -> 21 | Q29: Chuck Boner | R29: =COUNTIFS(Master_List_Of_Injuries[Year],$B$3,Master_List_Of_Injuries[JTP:],Q29) -> 0
A30: September | B30: 9 | C30: =COUNTIFS(Master_List_Of_Injuries[Year],$B$4,Master_List_Of_Injuries[Month.1],A30) -> 34 | D30: =COUNTIFS(Master_List_Of_Injuries[Year],$B$3,Master_List_Of_Injuries[Month.1],A30) -> 0 | E30: {=SUMPRODUCT((Master_List_Of_Injuries[Year]=$B$4)*(Master_List_Of_Injuries[Month.1]=A30)*((Master_List_Of_Injuries[ESI Status]="RECORDABLE")+(Master_List_Of_Injuries[Recordable_Flag]="Yes")>0)*1)} -> 0 | F30: {=SUMPRODUCT((Master_List_Of_Injuries[Year]=$B$3)*(Master_List_Of_Injuries[Month.1]=A30)*((Master_List_Of_Injuries[ESI Status]="RECORDABLE")+(Master_List_Of_Injuries[Recordable_Flag]="Yes")>0)*1)} -> 0 | N30: 405 | O30: =COUNTIFS(Master_List_Of_Injuries[Year],$B$3,Master_List_Of_Injuries[Area],N30) -> 20 | Q30: Maintenance | R30: =COUNTIFS(Master_List_Of_Injuries[Year],$B$3,Master_List_Of_Injuries[JTP:],Q30) -> 1
A31: October | B31: 10 | C31: =COUNTIFS(Master_List_Of_Injuries[Year],$B$4,Master_List_Of_Injuries[Month.1],A31) -> 42 | D31: =COUNTIFS(Master_List_Of_Injuries[Year],$B$3,Master_List_Of_Injuries[Month.1],A31) -> 0 | E31: {=SUMPRODUCT((Master_List_Of_Injuries[Year]=$B$4)*(Master_List_Of_Injuries[Month.1]=A31)*((Master_List_Of_Injuries[ESI Status]="RECORDABLE")+(Master_List_Of_Injuries[Recordable_Flag]="Yes")>0)*1)} -> 0 | F31: {=SUMPRODUCT((Master_List_Of_Injuries[Year]=$B$3)*(Master_List_Of_Injuries[Month.1]=A31)*((Master_List_Of_Injuries[ESI Status]="RECORDABLE")+(Master_List_Of_Injuries[Recordable_Flag]="Yes")>0)*1)} -> 0 | N31: 109 | O31: =COUNTIFS(Master_List_Of_Injuries[Year],$B$3,Master_List_Of_Injuries[Area],N31) -> 16 | Q31: Trimmer | R31: =COUNTIFS(Master_List_Of_Injuries[Year],$B$3,Master_List_Of_Injuries[JTP:],Q31) -> 1
A32: November | B32: 11 | C32: =COUNTIFS(Master_List_Of_Injuries[Year],$B$4,Master_List_Of_Injuries[Month.1],A32) -> 37 | D32: =COUNTIFS(Master_List_Of_Injuries[Year],$B$3,Master_List_Of_Injuries[Month.1],A32) -> 0 | E32: {=SUMPRODUCT((Master_List_Of_Injuries[Year]=$B$4)*(Master_List_Of_Injuries[Month.1]=A32)*((Master_List_Of_Injuries[ESI Status]="RECORDABLE")+(Master_List_Of_Injuries[Recordable_Flag]="Yes")>0)*1)} -> 0 | F32: {=SUMPRODUCT((Master_List_Of_Injuries[Year]=$B$3)*(Master_List_Of_Injuries[Month.1]=A32)*((Master_List_Of_Injuries[ESI Status]="RECORDABLE")+(Master_List_Of_Injuries[Recordable_Flag]="Yes")>0)*1)} -> 0 | N32: 429 | O32: =COUNTIFS(Master_List_Of_Injuries[Year],$B$3,Master_List_Of_Injuries[Area],N32) -> 15
A33: December | B33: 12 | C33: =COUNTIFS(Master_List_Of_Injuries[Year],$B$4,Master_List_Of_Injuries[Month.1],A33) -> 31 | D33: =COUNTIFS(Master_List_Of_Injuries[Year],$B$3,Master_List_Of_Injuries[Month.1],A33) -> 0 | E33: {=SUMPRODUCT((Master_List_Of_Injuries[Year]=$B$4)*(Master_List_Of_Injuries[Month.1]=A33)*((Master_List_Of_Injuries[ESI Status]="RECORDABLE")+(Master_List_Of_Injuries[Recordable_Flag]="Yes")>0)*1)} -> 1 | F33: {=SUMPRODUCT((Master_List_Of_Injuries[Year]=$B$3)*(Master_List_Of_Injuries[Month.1]=A33)*((Master_List_Of_Injuries[ESI Status]="RECORDABLE")+(Master_List_Of_Injuries[Recordable_Flag]="Yes")>0)*1)} -> 0 | N33: 101 | O33: =COUNTIFS(Master_List_Of_Injuries[Year],$B$3,Master_List_Of_Injuries[Area],N33) -> 16
N34: 106 | O34: =COUNTIFS(Master_List_Of_Injuries[Year],$B$3,Master_List_Of_Injuries[Area],N34) -> 14
N35: 100 | O35: =COUNTIFS(Master_List_Of_Injuries[Year],$B$3,Master_List_Of_Injuries[Area],N35) -> 12
A36: Month | B36: 2025 | C36: 2026 | N36: 415 | O36: =COUNTIFS(Master_List_Of_Injuries[Year],$B$3,Master_List_Of_Injuries[Area],N36) -> 11
A37: Jan | B37: =C22 -> 23 | C37: =D22 -> 28 | N37: 447 | O37: =COUNTIFS(Master_List_Of_Injuries[Year],$B$3,Master_List_Of_Injuries[Area],N37) -> 4
A38: Feb | B38: =C23 -> 19 | C38: =D23 -> 44
A39: Mar | B39: =C24 -> 24 | C39: =D24 -> 31
A40: Apr | B40: =C25 -> 17 | C40: =D25 -> 48
A41: May | B41: =C26 -> 22 | C41: =D26 -> 25
A42: Jun | B42: =C27 -> 21 | C42: =D27 -> 56
A43: Jul | B43: =C28 -> 15 | C43: =D28 -> 43
A44: Aug | B44: =C29 -> 20 | C44: =D29 -> 0
A45: Sep | B45: =C30 -> 34 | C45: =D30 -> 0
A46: Oct | B46: =C31 -> 42 | C46: =D31 -> 0
A47: Nov | B47: =C32 -> 37 | C47: =D32 -> 0
A48: Dec | B48: =C33 -> 31 | C48: =D33 -> 0
A51: CHART Top8 Injuries | D51: CHART Depts | G51: CHART ESI | J51: CHART Areas | M51: CHART Supervisors | P51: CHART JTPs
A52: Injury | B52: Count | D52: Department | E52: Incidents | G52: Status | H52: Count | J52: Area | K52: Count | M52: Supervisor | N52: Incidents | P52: JTP | Q52: Count
A53: =IFERROR(INDEX(_xlfn.ANCHORARRAY($G$65),1,1),"") -> Strain | B53: =IFERROR(INDEX(_xlfn.ANCHORARRAY($G$65),1,2),0) -> 97 | D53: =IFERROR(INDEX(_xlfn.ANCHORARRAY($D$65),1,1),"") -> Fabrication | E53: =IFERROR(INDEX(_xlfn.ANCHORARRAY($D$65),1,2),0) -> 132 | G53: =H23 -> FA | H53: =I23 -> 228 | J53: =IFERROR(INDEX(_xlfn.ANCHORARRAY($J$65),1,1),"") -> 102 | K53: =IFERROR(INDEX(_xlfn.ANCHORARRAY($J$65),1,2),0) -> 32 | M53: =IFERROR(INDEX(_xlfn.ANCHORARRAY($M$65),1,1),"") -> Samuel Sierra | N53: =IFERROR(INDEX(_xlfn.ANCHORARRAY($M$65),1,2),0) -> 24 | P53: =IFERROR(INDEX(_xlfn.ANCHORARRAY($P$65),1,1),"") -> Tender Puller | Q53: =IFERROR(INDEX(_xlfn.ANCHORARRAY($P$65),1,2),0) -> 8
A54: =IFERROR(INDEX(_xlfn.ANCHORARRAY($G$65),2,1),"") -> Slip, Trip, & Fall | B54: =IFERROR(INDEX(_xlfn.ANCHORARRAY($G$65),2,2),0) -> 26 | D54: =IFERROR(INDEX(_xlfn.ANCHORARRAY($D$65),2,1),"") -> Harvest | E54: =IFERROR(INDEX(_xlfn.ANCHORARRAY($D$65),2,2),0) -> 106 | G54: =H24 -> RPO | H54: =I24 -> 40 | J54: =IFERROR(INDEX(_xlfn.ANCHORARRAY($J$65),2,1),"") -> 410 | K54: =IFERROR(INDEX(_xlfn.ANCHORARRAY($J$65),2,2),0) -> 23 | M54: =IFERROR(INDEX(_xlfn.ANCHORARRAY($M$65),2,1),"") -> Elizabeth Neufeld | N54: =IFERROR(INDEX(_xlfn.ANCHORARRAY($M$65),2,2),0) -> 23 | P54: =IFERROR(INDEX(_xlfn.ANCHORARRAY($P$65),2,1),"") -> Plate Boner | Q54: =IFERROR(INDEX(_xlfn.ANCHORARRAY($P$65),2,2),0) -> 6
A55: =IFERROR(INDEX(_xlfn.ANCHORARRAY($G$65),3,1),"") -> Puncture | B55: =IFERROR(INDEX(_xlfn.ANCHORARRAY($G$65),3,2),0) -> 25 | D55: =IFERROR(INDEX(_xlfn.ANCHORARRAY($D$65),3,1),"") -> Maintenance | E55: =IFERROR(INDEX(_xlfn.ANCHORARRAY($D$65),3,2),0) -> 10 | G55: =H25 -> RECORDABLE | H55: =I25 -> 7 | J55: =IFERROR(INDEX(_xlfn.ANCHORARRAY($J$65),3,1),"") -> 420 | K55: =IFERROR(INDEX(_xlfn.ANCHORARRAY($J$65),3,2),0) -> 22 | M55: =IFERROR(INDEX(_xlfn.ANCHORARRAY($M$65),3,1),"") -> Juan Ramirez | N55: =IFERROR(INDEX(_xlfn.ANCHORARRAY($M$65),3,2),0) -> 21 | P55: =IFERROR(INDEX(_xlfn.ANCHORARRAY($P$65),3,1),"") -> Intestine Stripper | Q55: =IFERROR(INDEX(_xlfn.ANCHORARRAY($P$65),3,2),0) -> 6
A56: =IFERROR(INDEX(_xlfn.ANCHORARRAY($G$65),4,1),"") -> Rash | B56: =IFERROR(INDEX(_xlfn.ANCHORARRAY($G$65),4,2),0) -> 14 | D56: =IFERROR(INDEX(_xlfn.ANCHORARRAY($D$65),4,1),"") -> Corrals | E56: =IFERROR(INDEX(_xlfn.ANCHORARRAY($D$65),4,2),0) -> 8 | J56: =IFERROR(INDEX(_xlfn.ANCHORARRAY($J$65),4,1),"") -> 400 | K56: =IFERROR(INDEX(_xlfn.ANCHORARRAY($J$65),4,2),0) -> 21 | M56: =IFERROR(INDEX(_xlfn.ANCHORARRAY($M$65),4,1),"") -> Ovidio Sanchez | N56: =IFERROR(INDEX(_xlfn.ANCHORARRAY($M$65),4,2),0) -> 21 | P56: =IFERROR(INDEX(_xlfn.ANCHORARRAY($P$65),4,1),"") -> Whizzard Knife Op. | Q56: =IFERROR(INDEX(_xlfn.ANCHORARRAY($P$65),4,2),0) -> 5
A57: =IFERROR(INDEX(_xlfn.ANCHORARRAY($G$65),5,1),"") -> Burn | B57: =IFERROR(INDEX(_xlfn.ANCHORARRAY($G$65),5,2),0) -> 12 | D57: =IFERROR(INDEX(_xlfn.ANCHORARRAY($D$65),5,1),"") -> Warehouse | E57: =IFERROR(INDEX(_xlfn.ANCHORARRAY($D$65),5,2),0) -> 6 | J57: =IFERROR(INDEX(_xlfn.ANCHORARRAY($J$65),5,1),"") -> 405 | K57: =IFERROR(INDEX(_xlfn.ANCHORARRAY($J$65),5,2),0) -> 20 | M57: =IFERROR(INDEX(_xlfn.ANCHORARRAY($M$65),5,1),"") -> Alex Vargas | N57: =IFERROR(INDEX(_xlfn.ANCHORARRAY($M$65),5,2),0) -> 19 | P57: =IFERROR(INDEX(_xlfn.ANCHORARRAY($P$65),5,1),"") -> Wax Papper Remover | Q57: =IFERROR(INDEX(_xlfn.ANCHORARRAY($P$65),5,2),0) -> 5
A58: =IFERROR(INDEX(_xlfn.ANCHORARRAY($G$65),6,1),"") -> Abrasion | B58: =IFERROR(INDEX(_xlfn.ANCHORARRAY($G$65),6,2),0) -> 9 | D58: =IFERROR(INDEX(_xlfn.ANCHORARRAY($D$65),6,1),"") -> Buildings & Grounds | E58: =IFERROR(INDEX(_xlfn.ANCHORARRAY($D$65),6,2),0) -> 4 | J58: =IFERROR(INDEX(_xlfn.ANCHORARRAY($J$65),6,1),"") -> 109 | K58: =IFERROR(INDEX(_xlfn.ANCHORARRAY($J$65),6,2),0) -> 16 | M58: =IFERROR(INDEX(_xlfn.ANCHORARRAY($M$65),6,1),"") -> Diego Soria | N58: =IFERROR(INDEX(_xlfn.ANCHORARRAY($M$65),6,2),0) -> 18 | P58: =IFERROR(INDEX(_xlfn.ANCHORARRAY($P$65),6,1),"") -> Cattle Pusher | Q58: =IFERROR(INDEX(_xlfn.ANCHORARRAY($P$65),6,2),0) -> 5
A59: =IFERROR(INDEX(_xlfn.ANCHORARRAY($G$65),7,1),"") -> Laceration | B59: =IFERROR(INDEX(_xlfn.ANCHORARRAY($G$65),7,2),0) -> 8 | D59: =IFERROR(INDEX(_xlfn.ANCHORARRAY($D$65),7,1),"") -> Outside Clean Up | E59: =IFERROR(INDEX(_xlfn.ANCHORARRAY($D$65),7,2),0) -> 3 | J59: =IFERROR(INDEX(_xlfn.ANCHORARRAY($J$65),7,1),"") -> 101 | K59: =IFERROR(INDEX(_xlfn.ANCHORARRAY($J$65),7,2),0) -> 16 | M59: =IFERROR(INDEX(_xlfn.ANCHORARRAY($M$65),7,1),"") -> Christian Lopez | N59: =IFERROR(INDEX(_xlfn.ANCHORARRAY($M$65),7,2),0) -> 15 | P59: =IFERROR(INDEX(_xlfn.ANCHORARRAY($P$65),7,1),"") -> Herdsman | Q59: =IFERROR(INDEX(_xlfn.ANCHORARRAY($P$65),7,2),0) -> 5
A60: =IFERROR(INDEX(_xlfn.ANCHORARRAY($G$65),8,1),"") -> Struck By Cattle | B60: =IFERROR(INDEX(_xlfn.ANCHORARRAY($G$65),8,2),0) -> 7 | D60: =IFERROR(INDEX(_xlfn.ANCHORARRAY($D$65),8,1),"") -> Loading Dock | E60: =IFERROR(INDEX(_xlfn.ANCHORARRAY($D$65),8,2),0) -> 3 | J60: =IFERROR(INDEX(_xlfn.ANCHORARRAY($J$65),8,1),"") -> 429 | K60: =IFERROR(INDEX(_xlfn.ANCHORARRAY($J$65),8,2),0) -> 15 | M60: =IFERROR(INDEX(_xlfn.ANCHORARRAY($M$65),8,1),"") -> Chadu Moua | N60: =IFERROR(INDEX(_xlfn.ANCHORARRAY($M$65),8,2),0) -> 15 | P60: =IFERROR(INDEX(_xlfn.ANCHORARRAY($P$65),8,1),"") -> Maintenance | Q60: =IFERROR(INDEX(_xlfn.ANCHORARRAY($P$65),8,2),0) -> 1
A62: INSIGHT HELPERS
A63: Latest Month | B63: {=LOOKUP(2,1/(D22:D33>0),A22:A33)} -> July
A64: Latest Mo Count | B64: {=LOOKUP(2,1/(D22:D33>0),D22:D33)} -> 43 | D64: SORTED DEPTS | G64: SORTED INJURIES | J64: SORTED AREAS | M64: SORTED SUPS | P64: SORTED JTPs
A65: Prior Mo Count | B65: {=IFERROR(INDEX(D22:D33,MATCH(B63,A22:A33,0)-1),0)} -> 56 | D65: {=_xlfn.SORTBY(H8:I18,I8:I18,-1)} -> Fabrication | E65: 132 | G65: {=_xlfn.SORTBY(N8:O21,O8:O21,-1)} -> Strain | H65: 97 | J65: {=_xlfn.SORTBY(N26:O37,O26:O37,-1)} -> 102 | K65: 32 | M65: {=_xlfn.SORTBY(Q8:R17,R8:R17,-1)} -> Samuel Sierra | N65: 24 | P65: {=_xlfn.SORTBY(Q22:R31,R22:R31,-1)} -> Tender Puller | Q65: 8
A66: MoM Change | B66: =B64-B65 -> -13 | D66: Harvest | E66: 106 | G66: Slip, Trip, & Fall | H66: 26 | J66: 410 | K66: 23 | M66: Elizabeth Neufeld | N66: 23 | P66: Plate Boner | Q66: 6
A67: Fab Share | B67: =IFERROR(INDEX(_xlfn.ANCHORARRAY($D$65),1,2)/B7,0) -> 0.48 | D67: Maintenance | E67: 10 | G67: Puncture | H67: 25 | J67: 420 | K67: 22 | M67: Juan Ramirez | N67: 21 | P67: Intestine Stripper | Q67: 6
A68: YTD vs Prior % | B68: =IFERROR((B7-D7)/D7,0) -> 0.95035461 | D68: Corrals | E68: 8 | G68: Rash | H68: 14 | J68: 400 | K68: 21 | M68: Ovidio Sanchez | N68: 21 | P68: Whizzard Knife Op. | Q68: 5
D69: Warehouse | E69: 6 | G69: Burn | H69: 12 | J69: 405 | K69: 20 | M69: Alex Vargas | N69: 19 | P69: Wax Papper Remover | Q69: 5
A70: FINDING1 | B70: =B63&" has "&TEXT(B64,"0")&" incidents ("&B84&" "&TEXT(B66,"+0;-0")&" MoM)." -> July has 43 incidents (▼ -13 MoM). | D70: Buildings & Grounds | E70: 4 | G70: Abrasion | H70: 9 | J70: 109 | K70: 16 | M70: Diego Soria | N70: 18 | P70: Cattle Pusher | Q70: 5
A71: FINDING2 | B71: =B14&" leads with "&TEXT(INDEX(_xlfn.ANCHORARRAY($D$65),1,2),"0")&" ("&TEXT(B67,"0%")&" of YTD)." -> Fabrication leads with 132 (48% of YTD). | D71: Outside Clean Up | E71: 3 | G71: Laceration | H71: 8 | J71: 101 | K71: 16 | M71: Christian Lopez | N71: 15 | P71: Herdsman | Q71: 5
A72: FINDING3 | B72: =B13&" is #1 injury type ("&TEXT(INDEX(_xlfn.ANCHORARRAY($G$65),1,2),"0")&" cases)." -> Strain is #1 injury type (97 cases). | D72: Loading Dock | E72: 3 | G72: Struck By Cattle | H72: 7 | J72: 429 | K72: 15 | M72: Chadu Moua | N72: 15 | P72: Maintenance | Q72: 1
A73: FINDING4 | B73: ="Recordables "&B8&" YTD vs "&D8&" prior ("&TEXT(E8,"+0;-0")&"). Rate "&TEXT(B11,"0.0%")&"." -> Recordables 7 YTD vs 7 prior (+0). Rate 2.5%. | D73: FSQA | E73: 2 | G73: Inhalation / Reaction | H73: 7 | J73: 106 | K73: 14 | M73: Richard Xiong | N73: 15 | P73: Trimmer | Q73: 1
A74: FINDING5 | B74: =B3&" YTD "&B7&" vs "&D7&" prior YTD ("&TEXT(B68,"+0%;-0%")&"). "&INT(B12)&" days since last recordable." -> 2026 YTD 275 vs 141 prior YTD (+95%). 26 days since last recordable. | D74: Utilities | E74: 1 | G74: Struck By Equipment | H74: 3 | J74: 100 | K74: 12 | M74: Rutilo Rodriguez | N74: 0 | P74: Chuck Boner | Q74: 0
D75: Recycling | E75: 0 | G75: Crush Injury | H75: 1 | J75: 415 | K75: 11
A76: HOT_DEPTS | B76: =INDEX(_xlfn.ANCHORARRAY($D$65),1,1)&" ("&INDEX(_xlfn.ANCHORARRAY($D$65),1,2)&"), "&INDEX(_xlfn.ANCHORARRAY($D$65),2,1)&" ("&INDEX(_xlfn.ANCHORARRAY($D$65),2,2)&"), "&INDEX(_xlfn.ANCHORARRAY($D$65),3,1)&" ("&INDEX(_xlfn.ANCHORARRAY($D$65),3,2)&")" -> Fabrication (132), Harvest (106), Maintenance (10) | G76: Foreign Object in Eye | H76: 0 | J76: 447 | K76: 4
A77: HOT_AREAS | B77: =INDEX(_xlfn.ANCHORARRAY($J$65),1,1)&" ("&INDEX(_xlfn.ANCHORARRAY($J$65),1,2)&"), "&INDEX(_xlfn.ANCHORARRAY($J$65),2,1)&" ("&INDEX(_xlfn.ANCHORARRAY($J$65),2,2)&"), "&INDEX(_xlfn.ANCHORARRAY($J$65),3,1)&" ("&INDEX(_xlfn.ANCHORARRAY($J$65),3,2)&")" -> 102 (32), 410 (23), 420 (22) | G77: Contact Stress | H77: 0
A78: HOT_SUPS | B78: =INDEX(_xlfn.ANCHORARRAY($M$65),1,1)&" ("&INDEX(_xlfn.ANCHORARRAY($M$65),1,2)&"), "&INDEX(_xlfn.ANCHORARRAY($M$65),2,1)&" ("&INDEX(_xlfn.ANCHORARRAY($M$65),2,2)&"), "&INDEX(_xlfn.ANCHORARRAY($M$65),3,1)&" ("&INDEX(_xlfn.ANCHORARRAY($M$65),3,2)&")" -> Samuel Sierra (24), Elizabeth Neufeld (23), Juan Ramirez (21) | G78: Struck By/Against Object | H78: 0
A80: ══ AUTOMATIONS ══
A81: Arrow Incidents | B81: =IF(E7>0,"▲",IF(E7<0,"▼","●")) -> ▲
A82: Arrow Recordable | B82: =IF(E8>0,"▲",IF(E8<0,"▼","●")) -> ●
A83: Arrow Rate | B83: =IF(E11>0,"▲",IF(E11<0,"▼","●")) -> ▼
A84: Arrow MoM | B84: =IF(B66>0,"▲",IF(B66<0,"▼","●")) -> ▼
A85: Color Incidents | B85: =IF(E7>0,1,0) -> 1
A87: Sub Total | B87: =B81&" "&TEXT(B68,"+0%;-0%")&" vs YTD" -> ▲ +95% vs YTD
A88: Sub Rec | B88: =B82&" "&TEXT(E8,"+0;-0")&" vs YTD" -> ● +0 vs YTD
A89: Sub FA | B89: =TEXT(IFERROR(B9/B7,0),"0%")&" of YTD" -> 83% of YTD
A90: Sub RPO | B90: =TEXT(IFERROR(B10/B7,0),"0%")&" of YTD" -> 15% of YTD
A91: Sub Rate | B91: =B83&" "&TEXT(E11,"+0.0%;-0.0%") -> ▼ -2.4%
A92: Sub Days | B92: =TEXT(B16,"m/d")&" · 30+ goal" -> 7/1 · 30+ goal
A93: Sub Injury | B93: =TEXT(INDEX(_xlfn.ANCHORARRAY($G$65),1,2),"0")&" cases" -> 97 cases
A94: Sub Dept | B94: =TEXT(B67,"0%")&" share" -> 48% share
A96: Severity Score | B96: =MIN(100,ROUND(B11*400+IF(B12<14,30,IF(B12<30,12,0))+IF(B66>5,8,0)+B8*1.5+IF(B68>0.5,10,0),0)) -> 43
A97: Severity Label | B97: =IF(B96>=50,"Critical",IF(B96>=30,"Elevated",IF(B96>=15,"Watch","Stable"))) -> Elevated
A99: EXEC BRIEF | B99: ="As of "&TEXT(B2,"mmm dd, yyyy")&", "&B3&" YTD shows "&TEXT(B7,"#,##0")&" incidents ("&B81&" "&TEXT(B68,"+0%;-0%")&" vs prior YTD). Recordables: "&B8&" ("&TEXT(B11,"0.0%")&" rate). "&B14&" and "&B13&" remain primary drivers. Status: "&B17&" · Severity "&B96&"/100 ("&B97&")." -> As of Jul 27, 2026, 2026 YTD shows 275 incidents (▲ +95% vs prior YTD). Recordables: 7 (2.5% rate). Fabrication and Strain remain primary drivers. Status: Medium Risk · Severity 43/100 (Elevated).
A101: ChgLbl1 | B101: =IF(E7>0,"▲ +"&TEXT(E7,"0"),IF(E7<0,"▼ "&TEXT(ABS(E7),"0"),"● 0")) -> ▲ +134
A102: ChgLbl2 | B102: =IF(E8>0,"▲ +"&TEXT(E8,"0"),IF(E8<0,"▼ "&TEXT(ABS(E8),"0"),"● 0")) -> ● 0
A103: ChgLbl3 | B103: =IF(E9>0,"▲ +"&TEXT(E9,"0"),IF(E9<0,"▼ "&TEXT(ABS(E9),"0"),"● 0")) -> ▲ +124
A104: ChgLbl4 | B104: =IF(E10>0,"▲ +"&TEXT(E10,"0"),IF(E10<0,"▼ "&TEXT(ABS(E10),"0"),"● 0")) -> ▲ +10
A105: ChgLbl5 | B105: =IF(E11>0,"▲ "&TEXT(E11,"+0.0%;-0.0%"),IF(E11<0,"▼ "&TEXT(E11,"+0.0%;-0.0%"),"● 0.0%")) -> ▼ -2.4%
A107: Bar Fab | B107: =REPT("█",ROUND(B67*20,0))&REPT("░",20-ROUND(B67*20,0)) -> ██████████░░░░░░░░░░
A108: Bar Rate | B108: =REPT("█",ROUND(MIN(B11,0.1)/0.1*20,0))&REPT("░",20-ROUND(MIN(B11,0.1)/0.1*20,0)) -> █████░░░░░░░░░░░░░░░
A110: ACTION REC | B110: =IF(B17="High Risk","Escalate: leadership review + stop-work audit in "&B14&".",IF(B17="Medium Risk","Focus ergo & coaching in "&B14&"; reduce "&B13&" exposures.",IF(B12<30,"Protect streak: pre-shift huddles in top areas.","Maintain controls; share best practices from low-incident depts."))) -> Focus ergo & coaching in Fabrication; reduce Strain exposures.
A111: ══ CHART TITLES ══
...

Sheet PivotCache
A1: Pivot cache
A3: Row Labels | B3: Incidents | D3: Row Labels | E3: Incidents | G3: Row Labels | H3: Incidents | J3: Row Labels | K3: Incidents
A4: FA | B4: 485 | D4: Corrals | E4: 2 | G4: 2025 | H4: 305 | J4: Above Shoulder Work | K4: 1
A5: RECORDABLE | B5: 17 | D5: Fabrication | E5: 50 | G5: Grand Total | H5: 305 | J5: Abrasion | K5: 9
A6: RPO | B6: 78 | D6: FSQA | E6: 1 | J6: Abrasion | K6: 12
A7: Grand Total | B7: 580 | D7: Harvest | E7: 50 | J7: Awkward Posture | K7: 1
D8: Loading Dock | E8: 1 | J8: Bending | K8: 2
D9: Maintenance | E9: 3 | J9: Box Maker | K9: 2
D10: Outside Clean Up | E10: 2 | J10: Burn | K10: 17
D11: Warehouse | E11: 5 | J11: Burn | K11: 12
D12: Grand Total | E12: 114 | J12: Contact Stess | K12: 10
J13: Contact Stress | K13: 7
J14: Contusion | K14: 1
J15: Contusions | K15: 6
J16: Crush | K16: 1
J17: Crush Injury | K17: 4
J18: Crush Injury | K18: 7
J19: Electric Shock | K19: 3
J20: Falling Object | K20: 5
J21: Falling Objects | K21: 1
J22: Foreign boby in eye | K22: 19
J23: Foreign Object | K23: 18
J24: Heat Prostration | K24: 1
... J66: Grand Total | K66: 580

Sheet Notes
A1: WORKPLACE SAFETY DASHBOARD — GUIDE
A3: SHEET MAP
A4: Dashboard — Executive KPIs, findings, charts, slicers
A5: Data — Engine + year dropdowns (B3 focus, B4 compare)
A6: Master_List_Of_Injuries — Source table (append rows here)
A7: PivotCache — Pivots for slicers
A8: Notes — This guide
A10: HOW TO UPDATE
A11: 1. Add incidents to the master list table.
A12: 2. Set Data!B3 (focus year) and Data!B4 (compare year).
A13: 3. Dashboard refreshes automatically.
A14: 4. Slicers filter PivotCache only; KPIs stay full YTD.
... A23: Rate = recordables / total incidents (count-based)

Sheet Month
B3: Count of DOI
A4: February | B4: 63
A5: April | B5: 65
A6: May | B6: 47
A7: June | B7: 77
A8: Grand Total | B8: 252

Sheet FA-RPO-RECORDABLE
A3: Count of DOI | B3: Column Labels
A4: Row Labels | B4: RECORDABLE | C4: Grand Total
A5: 2025 | B5: 4 | C5: 4
A6: February | B6: 3 | C6: 3
A7: June | B7: 1 | C7: 1
A8: 2026 | B8: 4 | C8: 4
A9: April | B9: 1 | C9: 1
A10: May | B10: 1 | C10: 1
A11: June | B11: 2 | C11: 2
A12: Grand Total | B12: 8 | C12: 8

Sheet YEAR
A3: Row Labels | B3: Count of DOI
A4: 2025 | B4: 79
A5: 2026 | B5: 173
A6: Grand Total | B6: 252

Sheet BY QTRS
A3: Count of DOI
A4: 580

Sheet BY DEPARTMENT
A3: Row Labels | B3: Count of DOI
A4: Corrals | B4: 1
A5: 2026 | B5: 1
A6: Fabrication | B6: 4
A7: 2025 | B7: 2
A8: 2026 | B8: 2
A9: Harvest | B9: 10
A10: 2025 | B10: 7
A11: 2026 | B11: 3
A12: Maintnances | B12: 1
A13: 2025 | B13: 1
A14: Outside Clean Up | B14: 1
A15: 2026 | B15: 1
A16: Grand Total | B16: 17

Sheet ERGO
A3: Row Labels | B3: Count of Body Location
A4: 2026 | B4: 275
A5: January | B5: 28
A6: Abrasion | B6: 1
A7: Burn | B7: 1
A8: Laceration | B8: 2
A9: Pinch-Point | B9: 1
A10: Puncture | B10: 2
A11: Rash | B11: 2
A12: Slip, Trip, & Fall | B12: 2
A13: Sprain | B13: 1
A14: Strain | B14: 14
A15: Foreign Object | B15: 2
A16: February | B16: 44
... A108: Grand Total | B108: 275

Sheet Area
A1: Month.1 | B1: May
A2: Year | B2: 2026
A4: Row Labels | B4: Count of DOI
A5: FSQA | B5: 1
A6: Utilities | B6: 1
A7: Grand Total | B7: 2

Sheet ERgo By Dept
A5: Row Labels | B5: Count of Body Location | C5: Count of Injury/Illness Type
A6: Fabrication | B6: 6 | C6: 6
A7: 46076 | B7: 2 | C7: 2
A8: 46078 | B8: 1 | C8: 1
A9: 46080 | B9: 3 | C9: 3
A10: Harvest | B10: 5 | C10: 5
A11: 46077 | B11: 1 | C11: 1
A12: 46078 | B12: 2 | C12: 2
A13: 46079 | B13: 2 | C13: 2
A14: Warehouse | B14: 5 | C14: 5
A15: 46076 | B15: 5 | C15: 5
A16: Grand Total | B16: 16 | C16: 16

Sheet FA
A3: Count of DOI
B4: FA | C4: RPO | D4: Grand Total
A5: 46210 | B5: 2 | C5: 1 | D5: 3
A6: 46211 | B6: 2 | C6: 3 | D6: 5
A7: 46212 | B7: 4 | C7: 1 | D7: 5
A8: 46213 | B8: 2 | C8: 1 | D8: 3
A9: Grand Total | B9: 10 | C9: 6 | D9: 16

Sheet Dashboard Data
A1: Metric | B1: Value | D1: Month | E1: Incidents | F1: Recordable | H1: Department | I1: Incidents | K1: ESI Status | L1: Incidents | N1: Injury/Illness Type | O1: Incidents | Q1: Area | R1: Incidents
A2: Total current-year incidents | B2: =COUNTIF(Master_List_Of_Injuries[Year],2026) -> 275 | D2: January | E2: =COUNTIFS(Master_List_Of_Injuries[Year],2026,Master_List_Of_Injuries[Month.1],D2) -> 28 | F2: {=SUMPRODUCT((Master_List_Of_Injuries[Year]=2026)*(Master_List_Of_Injuries[Month.1]=D2)*(((Master_List_Of_Injuries[ESI Status]="RECORDABLE")+(Master_List_Of_Injuries[Recordable_Flag]="Yes"))>0))} -> 1 | H2: Fabrication | I2: =IF(H2="","",COUNTIFS(Master_List_Of_Injuries[Year],2026,Master_List_Of_Injuries[[Department ]],H2)) -> 132 | K2: FA | L2: =IF(K2="","",COUNTIFS(Master_List_Of_Injuries[Year],2026,Master_List_Of_Injuries[ESI Status],K2)) -> 228 | N2: Strain | O2: {=IF(N2="","",SUMPRODUCT((Master_List_Of_Injuries[Year]=2026)*(TRIM(Master_List_Of_Injuries[Injury/Illness Type])=N2)))} -> 99 | Q2: 102 | R2: =IF(Q2="","",COUNTIFS(Master_List_Of_Injuries[Year],2026,Master_List_Of_Injuries[Area],Q2)) -> 32
A3: Recordable incidents | B3: {=SUMPRODUCT((Master_List_Of_Injuries[Year]=2026)*(((Master_List_Of_Injuries[ESI Status]="RECORDABLE")+(Master_List_Of_Injuries[Recordable_Flag]="Yes"))>0))} -> 7 | D3: February | E3: =COUNTIFS(Master_List_Of_Injuries[Year],2026,Master_List_Of_Injuries[Month.1],D3) -> 44 | F3: {=SUMPRODUCT((Master_List_Of_Injuries[Year]=2026)*(Master_List_Of_Injuries[Month.1]=D3)*(((Master_List_Of_Injuries[ESI Status]="RECORDABLE")+(Master_List_Of_Injuries[Recordable_Flag]="Yes"))>0))} -> 0 | H3: Harvest | I3: =IF(H3="","",COUNTIFS(Master_List_Of_Injuries[Year],2026,Master_List_Of_Injuries[[Department ]],H3)) -> 106 | K3: RPO | L3: =IF(K3="","",COUNTIFS(Master_List_Of_Injuries[Year],2026,Master_List_Of_Injuries[ESI Status],K3)) -> 40 | N3: Puncture | O3: {=IF(N3="","",SUMPRODUCT((Master_List_Of_Injuries[Year]=2026)*(TRIM(Master_List_Of_Injuries[Injury/Illness Type])=N3)))} -> 25 | Q3: 410 | R3: =IF(Q3="","",COUNTIFS(Master_List_Of_Injuries[Year],2026,Master_List_Of_Injuries[Area],Q3)) -> 23
A4: FA incidents | B4: =COUNTIFS(Master_List_Of_Injuries[Year],2026,Master_List_Of_Injuries[ESI Status],"FA") -> 228 | D4: March | E4: =COUNTIFS(Master_List_Of_Injuries[Year],2026,Master_List_Of_Injuries[Month.1],D4) -> 31 | F4: {=SUMPRODUCT((Master_List_Of_Injuries[Year]=2026)*(Master_List_Of_Injuries[Month.1]=D4)*(((Master_List_Of_Injuries[ESI Status]="RECORDABLE")+(Master_List_Of_Injuries[Recordable_Flag]="Yes"))>0))} -> 1 | H4: Maintenance | I4: =IF(H4="","",COUNTIFS(Master_List_Of_Injuries[Year],2026,Master_List_Of_Injuries[[Department ]],H4)) -> 10 | K4: RECORDABLE | L4: =IF(K4="","",COUNTIFS(Master_List_Of_Injuries[Year],2026,Master_List_Of_Injuries[ESI Status],K4)) -> 7 | N4: Slip, Trip, & Fall | O4: {=IF(N4="","",SUMPRODUCT((Master_List_Of_Injuries[Year]=2026)*(TRIM(Master_List_Of_Injuries[Injury/Illness Type])=N4)))} -> 26 | Q4: 420 | R4: =IF(Q4="","",COUNTIFS(Master_List_Of_Injuries[Year],2026,Master_List_Of_Injuries[Area],Q4)) -> 22
A5: RPO incidents | B5: =COUNTIFS(Master_List_Of_Injuries[Year],2026,Master_List_Of_Injuries[ESI Status],"RPO") -> 40 | D5: April | E5: =COUNTIFS(Master_List_Of_Injuries[Year],2026,Master_List_Of_Injuries[Month.1],D5) -> 48 | F5: {=SUMPRODUCT((Master_List_Of_Injuries[Year]=2026)*(Master_List_Of_Injuries[Month.1]=D5)*(((Master_List_Of_Injuries[ESI Status]="RECORDABLE")+(Master_List_Of_Injuries[Recordable_Flag]="Yes"))>0))} -> 1 | H5: Corrals | I5: =IF(H5="","",COUNTIFS(Master_List_Of_Injuries[Year],2026,Master_List_Of_Injuries[[Department ]],H5)) -> 8 | L5: =IF(K5="","",COUNTIFS(Master_List_Of_Injuries[Year],2026,Master_List_Of_Injuries[ESI Status],K5)) | N5: Rash | O5: {=IF(N5="","",SUMPRODUCT((Master_List_Of_Injuries[Year]=2026)*(TRIM(Master_List_Of_Injuries[Injury/Illness Type])=N5)))} -> 14 | Q5: 400 | R5: =IF(Q5="","",COUNTIFS(Master_List_Of_Injuries[Year],2026,Master_List_Of_Injuries[Area],Q5)) -> 21
A6: Latest month incidents | B6: {=INDEX(E2:E13,MATCH(2,1/(E2:E13<>"")))} -> 43 | D6: May | E6: =COUNTIFS(Master_List_Of_Injuries[Year],2026,Master_List_Of_Injuries[Month.1],D6) -> 25 | F6: {=SUMPRODUCT((Master_List_Of_Injuries[Year]=2026)*(Master_List_Of_Injuries[Month.1]=D6)*(((Master_List_Of_Injuries[ESI Status]="RECORDABLE")+(Master_List_Of_Injuries[Recordable_Flag]="Yes"))>0))} -> 1 | H6: Warehouse | I6: =IF(H6="","",COUNTIFS(Master_List_Of_Injuries[Year],2026,Master_List_Of_Injuries[[Department ]],H6)) -> 6 | L6: =IF(K6="","",COUNTIFS(Master_List_Of_Injuries[Year],2026,Master_List_Of_Injuries[ESI Status],K6)) | N6: Foreign Object in Eye | O6: {=IF(N6="","",SUMPRODUCT((Master_List_Of_Injuries[Year]=2026)*(TRIM(Master_List_Of_Injuries[Injury/Illness Type])=N6)))} -> 0 | Q6: 405 | R6: =IF(Q6="","",COUNTIFS(Master_List_Of_Injuries[Year],2026,Master_List_Of_Injuries[Area],Q6)) -> 20
A7: Average incidents/month | B7: =AVERAGEIF(E2:E13,">0") -> 39.285714 | D7: June | E7: =COUNTIFS(Master_List_Of_Injuries[Year],2026,Master_List_Of_Injuries[Month.1],D7) -> 56 | F7: {=SUMPRODUCT((Master_List_Of_Injuries[Year]=2026)*(Master_List_Of_Injuries[Month.1]=D7)*(((Master_List_Of_Injuries[ESI Status]="RECORDABLE")+(Master_List_Of_Injuries[Recordable_Flag]="Yes"))>0))} -> 2 | H7: Outside Clean Up | I7: =IF(H7="","",COUNTIFS(Master_List_Of_Injuries[Year],2026,Master_List_Of_Injuries[[Department ]],H7)) -> 3 | L7: =IF(K7="","",COUNTIFS(Master_List_Of_Injuries[Year],2026,Master_List_Of_Injuries[ESI Status],K7)) | N7: Burn | O7: {=IF(N7="","",SUMPRODUCT((Master_List_Of_Injuries[Year]=2026)*(TRIM(Master_List_Of_Injuries[Injury/Illness Type])=N7)))} -> 12 | Q7: 109 | R7: =IF(Q7="","",COUNTIFS(Master_List_Of_Injuries[Year],2026,Master_List_Of_Injuries[Area],Q7)) -> 16
A8: Total master rows | B8: =ROWS(Master_List_Of_Injuries[DOI]) -> 580 | D8: July | E8: =COUNTIFS(Master_List_Of_Injuries[Year],2026,Master_List_Of_Injuries[Month.1],D8) -> 43 | F8: {=SUMPRODUCT((Master_List_Of_Injuries[Year]=2026)*(Master_List_Of_Injuries[Month.1]=D8)*(((Master_List_Of_Injuries[ESI Status]="RECORDABLE")+(Master_List_Of_Injuries[Recordable_Flag]="Yes"))>0))} -> 1 | H8: Buildings & Grounds | I8: =IF(H8="","",COUNTIFS(Master_List_Of_Injuries[Year],2026,Master_List_Of_Injuries[[Department ]],H8)) -> 4 | L8: =IF(K8="","",COUNTIFS(Master_List_Of_Injuries[Year],2026,Master_List_Of_Injuries[ESI Status],K8)) | N8: Contact Stress | O8: {=IF(N8="","",SUMPRODUCT((Master_List_Of_Injuries[Year]=2026)*(TRIM(Master_List_Of_Injuries[Injury/Illness Type])=N8)))} -> 0 | Q8: 429 | R8: =IF(Q8="","",COUNTIFS(Master_List_Of_Injuries[Year],2026,Master_List_Of_Injuries[Area],Q8)) -> 15
H9: FSQA | I9: =IF(H9="","",COUNTIFS(Master_List_Of_Injuries[Year],2026,Master_List_Of_Injuries[[Department ]],H9)) -> 2 | L9: =IF(K9="","",COUNTIFS(Master_List_Of_Injuries[Year],2026,Master_List_Of_Injuries[ESI Status],K9)) | N9: Abrasion | O9: {=IF(N9="","",SUMPRODUCT((Master_List_Of_Injuries[Year]=2026)*(TRIM(Master_List_Of_Injuries[Injury/Illness Type])=N9)))} -> 9 | Q9: 106 | R9: =IF(Q9="","",COUNTIFS(Master_List_Of_Injuries[Year],2026,Master_List_Of_Injuries[Area],Q9)) -> 14
H10: Loading Dock | I10: =IF(H10="","",COUNTIFS(Master_List_Of_Injuries[Year],2026,Master_List_Of_Injuries[[Department ]],H10)) -> 3 | L10: =IF(K10="","",COUNTIFS(Master_List_Of_Injuries[Year],2026,Master_List_Of_Injuries[ESI Status],K10)) | N10: Laceration | O10: {=IF(N10="","",SUMPRODUCT((Master_List_Of_Injuries[Year]=2026)*(TRIM(Master_List_Of_Injuries[Injury/Illness Type])=N10)))} -> 8 | Q10: 101 | R10: =IF(Q10="","",COUNTIFS(Master_List_Of_Injuries[Year],2026,Master_List_Of_Injuries[Area],Q10)) -> 16
I11: =IF(H11="","",COUNTIFS(Master_List_Of_Injuries[Year],2026,Master_List_Of_Injuries[[Department ]],H11)) | L11: =IF(K11="","",COUNTIFS(Master_List_Of_Injuries[Year],2026,Master_List_Of_Injuries[ESI Status],K11)) | N11: Crush Injury | O11: {=IF(N11="","",SUMPRODUCT((Master_List_Of_Injuries[Year]=2026)*(TRIM(Master_List_Of_Injuries[Injury/Illness Type])=N11)))} -> 7 | Q11: 415 | R11: =IF(Q11="","",COUNTIFS(Master_List_Of_Injuries[Year],2026,Master_List_Of_Injuries[Area],Q11)) -> 11
A14: Week Start | B14: Incidents | C14: Recordable | D14: Week End (excl.) | E14: Week Label | F14: RECONCILIATION
A15: =DATE(Data!$B$3,1,1) -> 46023 | B15: {=IF($A15>Data!$B$2,NA(),SUMPRODUCT(fMask*(colDOI>=$A15)*(colDOI<$D15)))} -> 0 | C15: {=IF($A15>Data!$B$2,NA(),SUMPRODUCT(fMask*(colDOI>=$A15)*(colDOI<$D15)*(colRec="Yes")))} -> 0 | D15: =A16 -> 46027 | E15: =TEXT($A15,"m/d")&"–"&TEXT($D15-1,"m/d") -> 1/1–1/4 | F15: Weekly incidents (sum) | G15: =SUM(B15:B45) -> 275
A16: =A15+MOD(8-WEEKDAY(A15,2),7) -> 46027 | B16: {=IF($A16>Data!$B$2,NA(),SUMPRODUCT(fMask*(colDOI>=$A16)*(colDOI<$D16)))} -> 5 | C16: {=IF($A16>Data!$B$2,NA(),SUMPRODUCT(fMask*(colDOI>=$A16)*(colDOI<$D16)*(colRec="Yes")))} -> 1 | D16: =A17 -> 46034 | E16: =TEXT($A16,"m/d")&"–"&TEXT($D16-1,"m/d") -> 1/5–1/11 | F16: Data engine YTD incidents | G16: =Data!B7 -> 275
A17: =A16+7 -> 46034 | B17: {=IF($A17>Data!$B$2,NA(),SUMPRODUCT(fMask*(colDOI>=$A17)*(colDOI<$D17)))} -> 7 | C17: {=IF($A17>Data!$B$2,NA(),SUMPRODUCT(fMask*(colDOI>=$A17)*(colDOI<$D17)*(colRec="Yes")))} -> 0 | D17: =A18 -> 46041 | E17: =TEXT($A17,"m/d")&"–"&TEXT($D17-1,"m/d") -> 1/12–1/18 | F17: Weekly recordables (sum) | G17: =SUM(C15:C45) -> 7
A18: =A17+7 -> 46041 | B18: {=IF($A18>Data!$B$2,NA(),SUMPRODUCT(fMask*(colDOI>=$A18)*(colDOI<$D18)))} -> 10 | C18: {=IF($A18>Data!$B$2,NA(),SUMPRODUCT(fMask*(colDOI>=$A18)*(colDOI<$D18)*(colRec="Yes")))} -> 0 | D18: =A19 -> 46048 | E18: =TEXT($A18,"m/d")&"–"&TEXT($D18-1,"m/d") -> 1/19–1/25 | F18: Data engine YTD recordables | G18: =Data!B8 -> 7
A19: =A18+7 -> 46048 | B19: {=IF($A19>Data!$B$2,NA(),SUMPRODUCT(fMask*(colDOI>=$A19)*(colDOI<$D19)))} -> 6 | C19: {=IF($A19>Data!$B$2,NA(),SUMPRODUCT(fMask*(colDOI>=$A19)*(colDOI<$D19)*(colRec="Yes")))} -> 0 | D19: =A20 -> 46055 | E19: =TEXT($A19,"m/d")&"–"&TEXT($D19-1,"m/d") -> 1/26–2/1 | F19: Check (0 = tied, unfiltered only) | G19: =IF(G22>0,"n/a - filtered",(G15-G16)+(G17-G18)) -> 0
A20: =A19+7 -> 46055 | B20: {=IF($A20>Data!$B$2,NA(),SUMPRODUCT(fMask*(colDOI>=$A20)*(colDOI<$D20)))} -> 10 | C20: {=IF($A20>Data!$B$2,NA(),SUMPRODUCT(fMask*(colDOI>=$A20)*(colDOI<$D20)*(colRec="Yes")))} -> 0 | D20: =A21 -> 46062 | E20: =TEXT($A20,"m/d")&"–"&TEXT($D20-1,"m/d") -> 2/2–2/8 | F20: Gaps/overlaps in week grid | G20: {=SUMPRODUCT(--(D15:D44<>A16:A45))} -> 0
A21: =A20+7 -> 46062 | B21: {=IF($A21>Data!$B$2,NA(),SUMPRODUCT(fMask*(colDOI>=$A21)*(colDOI<$D21)))} -> 8 | C21: {=IF($A21>Data!$B$2,NA(),SUMPRODUCT(fMask*(colDOI>=$A21)*(colDOI<$D21)*(colRec="Yes")))} -> 0 | D21: =A22 -> 46069 | E21: =TEXT($A21,"m/d")&"–"&TEXT($D21-1,"m/d") -> 2/9–2/15 | F21: Focus year | G21: =Data!B3 -> 2026
A22: =A21+7 -> 46069 | B22: {=IF($A22>Data!$B$2,NA(),SUMPRODUCT(fMask*(colDOI>=$A22)*(colDOI<$D22)))} -> 10 | C22: {=IF($A22>Data!$B$2,NA(),SUMPRODUCT(fMask*(colDOI>=$A22)*(colDOI<$D22)*(colRec="Yes")))} -> 0 | D22: =A23 -> 46076 | E22: =TEXT($A22,"m/d")&"–"&TEXT($D22-1,"m/d") -> 2/16–2/22 | F22: Active filters (0 = none) | G22: =--(selDept<>"(All)")+--(selArea<>"(All)")+--(selSup<>"(All)")+--(selType<>"(All)")+--(selESI<>"(All)")+--(selRec<>"(All)")+--(selYear<>"(All)") -> 0
A23: =A22+7 -> 46076 | B23: {=IF($A23>Data!$B$2,NA(),SUMPRODUCT(fMask*(colDOI>=$A23)*(colDOI<$D23)))} -> 16 | C23: {=IF($A23>Data!$B$2,NA(),SUMPRODUCT(fMask*(colDOI>=$A23)*(colDOI<$D23)*(colRec="Yes")))} -> 0 | D23: =A24 -> 46083 | E23: =TEXT($A23,"m/d")&"–"&TEXT($D23-1,"m/d") -> 2/23–3/1
A24: =A23+7 -> 46083 | B24: {=IF($A24>Data!$B$2,NA(),SUMPRODUCT(fMask*(colDOI>=$A24)*(colDOI<$D24)))} -> 12 | C24: {=IF($A24>Data!$B$2,NA(),SUMPRODUCT(fMask*(colDOI>=$A24)*(colDOI<$D24)*(colRec="Yes")))} -> 1 | D24: =A25 -> 46090 | E24: =TEXT($A24,"m/d")&"–"&TEXT($D24-1,"m/d") -> 3/2–3/8
A25: =A24+7 -> 46090 | B25: {=IF($A25>Data!$B$2,NA(),SUMPRODUCT(fMask*(colDOI>=$A25)*(colDOI<$D25)))} -> 3 | C25: {=IF($A25>Data!$B$2,NA(),SUMPRODUCT(fMask*(colDOI>=$A25)*(colDOI<$D25)*(colRec="Yes")))} -> 0 | D25: =A26 -> 46097 | E25: =TEXT($A25,"m/d")&"–"&TEXT($D25-1,"m/d") -> 3/9–3/15
A26: =A25+7 -> 46097 | B26: {=IF($A26>Data!$B$2,NA(),SUMPRODUCT(fMask*(colDOI>=$A26)*(colDOI<$D26)))} -> 9 | C26: {=IF($A26>Data!$B$2,NA(),SUMPRODUCT(fMask*(colDOI>=$A26)*(colDOI<$D26)*(colRec="Yes")))} -> 0 | D26: =A27 -> 46104 | E26: =TEXT($A26,"m/d")&"–"&TEXT($D26-1,"m/d") -> 3/16–3/22
A27: =A26+7 -> 46104 | B27: {=IF($A27>Data!$B$2,NA(),SUMPRODUCT(fMask*(colDOI>=$A27)*(colDOI<$D27)))} -> 4 | C27: {=IF($A27>Data!$B$2,NA(),SUMPRODUCT(fMask*(colDOI>=$A27)*(colDOI<$D27)*(colRec="Yes")))} -> 0 | D27: =A28 -> 46111 | E27: =TEXT($A27,"m/d")&"–"&TEXT($D27-1,"m/d") -> 3/23–3/29
A28: =A27+7 -> 46111 | B28: {=IF($A28>Data!$B$2,NA(),SUMPRODUCT(fMask*(colDOI>=$A28)*(colDOI<$D28)))} -> 9 | C28: {=IF($A28>Data!$B$2,NA(),SUMPRODUCT(fMask*(colDOI>=$A28)*(colDOI<$D28)*(colRec="Yes")))} -> 1 | D28: =A29 -> 46118 | E28: =TEXT($A28,"m/d")&"–"&TEXT($D28-1,"m/d") -> 3/30–4/5
A29: =A28+7 -> 46118 | B29: {=IF($A29>Data!$B$2,NA(),SUMPRODUCT(fMask*(colDOI>=$A29)*(colDOI<$D29)))} -> 15 | C29: {=IF($A29>Data!$B$2,NA(),SUMPRODUCT(fMask*(colDOI>=$A29)*(colDOI<$D29)*(colRec="Yes")))} -> 0 | D29: =A30 -> 46125 | E29: =TEXT($A29,"m/d")&"–"&TEXT($D29-1,"m/d") -> 4/6–4/12
A30: =A29+7 -> 46125 | B30: {=IF($A30>Data!$B$2,NA(),SUMPRODUCT(fMask*(colDOI>=$A30)*(colDOI<$D30)))} -> 10 | C30: {=IF($A30>Data!$B$2,NA(),SUMPRODUCT(fMask*(colDOI>=$A30)*(colDOI<$D30)*(colRec="Yes")))} -> 0 | D30: =A31 -> 46132 | E30: =TEXT($A30,"m/d")&"–"&TEXT($D30-1,"m/d") -> 4/13–4/19
A31: =A30+7 -> 46132 | B31: {=IF($A31>Data!$B$2,NA(),SUMPRODUCT(fMask*(colDOI>=$A31)*(colDOI<$D31)))} -> 14 | C31: {=IF($A31>Data!$B$2,NA(),SUMPRODUCT(fMask*(colDOI>=$A31)*(colDOI<$D31)*(colRec="Yes")))} -> 0 | D31: =A32 -> 46139 | E31: =TEXT($A31,"m/d")&"–"&TEXT($D31-1,"m/d") -> 4/20–4/26
A32: =A31+7 -> 46139 | B32: {=IF($A32>Data!$B$2,NA(),SUMPRODUCT(fMask*(colDOI>=$A32)*(colDOI<$D32)))} -> 4 | C32: {=IF($A32>Data!$B$2,NA(),SUMPRODUCT(fMask*(colDOI>=$A32)*(colDOI<$D32)*(colRec="Yes")))} -> 0 | D32: =A33 -> 46146 | E32: =TEXT($A32,"m/d")&"–"&TEXT($D32-1,"m/d") -> 4/27–5/3
A33: =A32+7 -> 46146 | B33: {=IF($A33>Data!$B$2,NA(),SUMPRODUCT(fMask*(colDOI>=$A33)*(colDOI<$D33)))} -> 5 | C33: {=IF($A33>Data!$B$2,NA(),SUMPRODUCT(fMask*(colDOI>=$A33)*(colDOI<$D33)*(colRec="Yes")))} -> 0 | D33: =A34 -> 46153 | E33: =TEXT($A33,"m/d")&"–"&TEXT($D33-1,"m/d") -> 5/4–5/10
A34: =A33+7 -> 46153 | B34: {=IF($A34>Data!$B$2,NA(),SUMPRODUCT(fMask*(colDOI>=$A34)*(colDOI<$D34)))} -> 7 | C34: {=IF($A34>Data!$B$2,NA(),SUMPRODUCT(fMask*(colDOI>=$A34)*(colDOI<$D34)*(colRec="Yes")))} -> 1 | D34: =A35 -> 46160 | E34: =TEXT($A34,"m/d")&"–"&TEXT($D34-1,"m/d") -> 5/11–5/17
... A44: =A43+7 -> 46223 | B44: {=IF($A44>Data!$B$2,NA(),SUMPRODUCT(fMask*(colDOI>=$A44)*(colDOI<$D44)))} -> 8 | C44: {=IF($A44>Data!$B$2,NA(),SUMPRODUCT(fMask*(colDOI>=$A44)*(colDOI<$D44)*(colRec="Yes")))} -> 0 | D44: =A45 -> 46230 | E44: =TEXT($A44,"m/d")&"–"&TEXT($D44-1,"m/d") -> 7/20–7/26
A45: =A44+7 -> 46230 | B45: {=IF($A45>Data!$B$2,NA(),SUMPRODUCT(fMask*(colDOI>=$A45)*(colDOI<$D45)))} -> 0 | C45: {=IF($A45>Data!$B$2,NA(),SUMPRODUCT(fMask*(colDOI>=$A45)*(colDOI<$D45)*(colRec="Yes")))} -> 0 | D45: =A45+7 -> 46237 | E45: =TEXT($A45,"m/d")&"–"&TEXT($D45-1,"m/d") -> 7/27–8/2
A47: JULY 2026 DAILY INCIDENTS
A48: Date | B48: Incidents | C48: Recordable
A49: =DATE(Data!$B$3,7,1) -> 46204 | B49: =COUNTIFS(Master_List_Of_Injuries[DOI],$A49) -> 2 | C49: =COUNTIFS(Master_List_Of_Injuries[DOI],$A49,Master_List_Of_Injuries[Recordable_Flag],"Yes") -> 1
A50: =DATE(Data!$B$3,7,2) -> 46205 | B50: =COUNTIFS(Master_List_Of_Injuries[DOI],$A50) -> 5 | C50: =COUNTIFS(Master_List_Of_Injuries[DOI],$A50,Master_List_Of_Injuries[Recordable_Flag],"Yes") -> 0
A51: =DATE(Data!$B$3,7,3) -> 46206 | B51: =COUNTIFS(Master_List_Of_Injuries[DOI],$A51) -> 5 | C51: =COUNTIFS(Master_List_Of_Injuries[DOI],$A51,Master_List_Of_Injuries[Recordable_Flag],"Yes") -> 0
A52: =DATE(Data!$B$3,7,4) -> 46207 | B52: =COUNTIFS(Master_List_Of_Injuries[DOI],$A52) -> 0 | C52: =COUNTIFS(Master_List_Of_Injuries[DOI],$A52,Master_List_Of_Injuries[Recordable_Flag],"Yes") -> 0
A53: =DATE(Data!$B$3,7,5) -> 46208 | B53: =COUNTIFS(Master_List_Of_Injuries[DOI],$A53) -> 0 | C53: =COUNTIFS(Master_List_Of_Injuries[DOI],$A53,Master_List_Of_Injuries[Recordable_Flag],"Yes") -> 0
A54: =DATE(Data!$B$3,7,6) -> 46209 | B54: =COUNTIFS(Master_List_Of_Injuries[DOI],$A54) -> 0 | C54: =COUNTIFS(Master_List_Of_Injuries[DOI],$A54,Master_List_Of_Injuries[Recordable_Flag],"Yes") -> 0
A55: =DATE(Data!$B$3,7,7) -> 46210 | B55: =COUNTIFS(Master_List_Of_Injuries[DOI],$A55) -> 3 | C55: =COUNTIFS(Master_List_Of_Injuries[DOI],$A55,Master_List_Of_Injuries[Recordable_Flag],"Yes") -> 0
A56: =DATE(Data!$B$3,7,8) -> 46211 | B56: =COUNTIFS(Master_List_Of_Injuries[DOI],$A56) -> 5 | C56: =COUNTIFS(Master_List_Of_Injuries[DOI],$A56,Master_List_Of_Injuries[Recordable_Flag],"Yes") -> 0
A57: =DATE(Data!$B$3,7,9) -> 46212 | B57: =COUNTIFS(Master_List_Of_Injuries[DOI],$A57) -> 5 | C57: =COUNTIFS(Master_List_Of_Injuries[DOI],$A57,Master_List_Of_Injuries[Recordable_Flag],"Yes") -> 0
A58: =DATE(Data!$B$3,7,10) -> 46213 | B58: =COUNTIFS(Master_List_Of_Injuries[DOI],$A58) -> 3 | C58: =COUNTIFS(Master_List_Of_Injuries[DOI],$A58,Master_List_Of_Injuries[Recordable_Flag],"Yes") -> 0
A59: =DATE(Data!$B$3,7,11) -> 46214 | B59: =COUNTIFS(Master_List_Of_Injuries[DOI],$A59) -> 0 | C59: =COUNTIFS(Master_List_Of_Injuries[DOI],$A59,Master_List_Of_Injuries[Recordable_Flag],"Yes") -> 0
A60: =DATE(Data!$B$3,7,12) -> 46215 | B60: =COUNTIFS(Master_List_Of_Injuries[DOI],$A60) -> 0 | C60: =COUNTIFS(Master_List_Of_Injuries[DOI],$A60,Master_List_Of_Injuries[Recordable_Flag],"Yes") -> 0
A61: =DATE(Data!$B$3,7,13) -> 46216 | B61: =COUNTIFS(Master_List_Of_Injuries[DOI],$A61) -> 1 | C61: =COUNTIFS(Master_List_Of_Injuries[DOI],$A61,Master_List_Of_Injuries[Recordable_Flag],"Yes") -> 0
A62: =DATE(Data!$B$3,7,14) -> 46217 | B62: =COUNTIFS(Master_List_Of_Injuries[DOI],$A62) -> 4 | C62: =COUNTIFS(Master_List_Of_Injuries[DOI],$A62,Master_List_Of_Injuries[Recordable_Flag],"Yes") -> 0
A63: =DATE(Data!$B$3,7,15) -> 46218 | B63: =COUNTIFS(Master_List_Of_Injuries[DOI],$A63) -> 1 | C63: =COUNTIFS(Master_List_Of_Injuries[DOI],$A63,Master_List_Of_Injuries[Recordable_Flag],"Yes") -> 0
A64: =DATE(Data!$B$3,7,16) -> 46219 | B64: =COUNTIFS(Master_List_Of_Injuries[DOI],$A64) -> 0 | C64: =COUNTIFS(Master_List_Of_Injuries[DOI],$A64,Master_List_Of_Injuries[Recordable_Flag],"Yes") -> 0
A65: =DATE(Data!$B$3,7,17) -> 46220 | B65: =COUNTIFS(Master_List_Of_Injuries[DOI],$A65) -> 1 | C65: =COUNTIFS(Master_List_Of_Injuries[DOI],$A65,Master_List_Of_Injuries[Recordable_Flag],"Yes") -> 0
A66: =DATE(Data!$B$3,7,18) -> 46221 | B66: =COUNTIFS(Master_List_Of_Injuries[DOI],$A66) -> 0 | C66: =COUNTIFS(Master_List_Of_Injuries[DOI],$A66,Master_List_Of_Injuries[Recordable_Flag],"Yes") -> 0
A67: =DATE(Data!$B$3,7,19) -> 46222 | B67: =COUNTIFS(Master_List_Of_Injuries[DOI],$A67) -> 0 | C67: =COUNTIFS(Master_List_Of_Injuries[DOI],$A67,Master_List_Of_Injuries[Recordable_Flag],"Yes") -> 0
A68: =DATE(Data!$B$3,7,20) -> 46223 | B68: =COUNTIFS(Master_List_Of_Injuries[DOI],$A68) -> 1 | C68: =COUNTIFS(Master_List_Of_Injuries[DOI],$A68,Master_List_Of_Injuries[Recordable_Flag],"Yes") -> 0
A69: =DATE(Data!$B$3,7,21) -> 46224 | B69: =COUNTIFS(Master_List_Of_Injuries[DOI],$A69) -> 2 | C69: =COUNTIFS(Master_List_Of_Injuries[DOI],$A69,Master_List_Of_Injuries[Recordable_Flag],"Yes") -> 0
A70: =DATE(Data!$B$3,7,22) -> 46225 | B70: =COUNTIFS(Master_List_Of_Injuries[DOI],$A70) -> 3 | C70: =COUNTIFS(Master_List_Of_Injuries[DOI],$A70,Master_List_Of_Injuries[Recordable_Flag],"Yes") -> 0
A71: =DATE(Data!$B$3,7,23) -> 46226 | B71: =COUNTIFS(Master_List_Of_Injuries[DOI],$A71) -> 1 | C71: =COUNTIFS(Master_List_Of_Injuries[DOI],$A71,Master_List_Of_Injuries[Recordable_Flag],"Yes") -> 0
A72: =DATE(Data!$B$3,7,24) -> 46227 | B72: =COUNTIFS(Master_List_Of_Injuries[DOI],$A72) -> 1 | C72: =COUNTIFS(Master_List_Of_Injuries[DOI],$A72,Master_List_Of_Injuries[Recordable_Flag],"Yes") -> 0
A73: =DATE(Data!$B$3,7,25) -> 46228 | B73: =COUNTIFS(Master_List_Of_Injuries[DOI],$A73) -> 0 | C73: =COUNTIFS(Master_List_Of_Injuries[DOI],$A73,Master_List_Of_Injuries[Recordable_Flag],"Yes") -> 0
A74: =DATE(Data!$B$3,7,26) -> 46229 | B74: =COUNTIFS(Master_List_Of_Injuries[DOI],$A74) -> 0 | C74: =COUNTIFS(Master_List_Of_Injuries[DOI],$A74,Master_List_Of_Injuries[Recordable_Flag],"Yes") -> 0
A75: =DATE(Data!$B$3,7,27) -> 46230 | B75: =COUNTIFS(Master_List_Of_Injuries[DOI],$A75) -> 0 | C75: =COUNTIFS(Master_List_Of_Injuries[DOI],$A75,Master_List_Of_Injuries[Recordable_Flag],"Yes") -> 0
A76: =DATE(Data!$B$3,7,28) -> 46231 | B76: =COUNTIFS(Master_List_Of_Injuries[DOI],$A76) -> 0 | C76: =COUNTIFS(Master_List_Of_Injuries[DOI],$A76,Master_List_Of_Injuries[Recordable_Flag],"Yes") -> 0
A77: =DATE(Data!$B$3,7,29) -> 46232 | B77: =COUNTIFS(Master_List_Of_Injuries[DOI],$A77) -> 0 | C77: =COUNTIFS(Master_List_Of_Injuries[DOI],$A77,Master_List_Of_Injuries[Recordable_Flag],"Yes") -> 0
A78: =DATE(Data!$B$3,7,30) -> 46233 | B78: =COUNTIFS(Master_List_Of_Injuries[DOI],$A78) -> 0 | C78: =COUNTIFS(Master_List_Of_Injuries[DOI],$A78,Master_List_Of_Injuries[Recordable_Flag],"Yes") -> 0
A79: =DATE(Data!$B$3,7,31) -> 46234 | B79: =COUNTIFS(Master_List_Of_Injuries[DOI],$A79) -> 0 | C79: =COUNTIFS(Master_List_Of_Injuries[DOI],$A79,Master_List_Of_Injuries[Recordable_Flag],"Yes") -> 0

Sheet Supervisor Insights
A1: Area & Supervisor Incidents Report
A2: ="Advanced view of live "&$B$63&" incidents through "&Data!B63&": concentration, momentum, risk score, and supervisor-area intersections." -> Advanced view of live 2026 incidents through July: concentration, momentum, risk score, and supervisor-area intersections.
A4: EXECUTIVE TAKEAWAYS
A5: ="1. Area risk is concentrated but not isolated: the top 2 areas ("&A16&" and "&A17&") represent "&TEXT(B16+B17,"0")&" incidents, or "&TEXT((B16+B17)/$A$11,"0%")&" of "&$B$63&" YTD volume." -> 1. Area risk is concentrated but not isolated: the top 2 areas (102 and 410) represent 55 incidents, or 20% of 2026 YTD volume.
A6: ="2. Supervisor concentration is meaningful: the top 5 supervisors represent "&TEXT(SUM(B30:B34),"0")&" incidents ("&TEXT(SUM(B30:B34)/$A$11,"0%")&"), led by "&A30&" with "&B30&"." -> 2. Supervisor concentration is meaningful: the top 5 supervisors represent 108 incidents (39%), led by Samuel Sierra with 24.
A7: ="3. The strongest supervisor-area intersection is "&L44&" × Area "&M44&" with "&N44&" incidents, making it the clearest candidate for a targeted observation or task audit." -> 3. The strongest supervisor-area intersection is Elizabeth Neufeld × Area 420 with 22 incidents, making it the clearest candidate for a targeted observation or task audit.
A8: =_xlfn.LET( _xlpm.i,MATCH(MAX(H30:H39),H30:H39,0), _xlpm.nm,INDEX(A30:A39,_xlpm.i), _xlpm.jn,INDEX(F30:F39,_xlpm.i), _xlpm.jl,INDEX(G30:G39,_xlpm.i), _xlpm.d,INDEX(H30:H39,_xlpm.i), "4. Recent momentum matters: "&_xlpm.nm&" has the largest July change among top supervisors ("&_xlpm.jn&" in June to "&_xlpm.jl&" in July, Δ "&TEXT(_xlpm.d,"+0;-0;0")&"), so July follow-up should not rely on YTD rank alone." ) -> 4. Recent momentum matters: Samuel Sierra has the largest July change among top supervisors (3 in June to 5 in July, Δ +2), so July follow-up should not rely on YTD rank alone.
A10: Total 2026 | D10: Top Area | G10: Top Supervisor | J10: Top Pair | M10: July Change
A11: =$B$64 -> 275 | D11: =IF(A16="","",A16&" ("&B16&")") -> 102 (32) | G11: =IF(A30="","",A30&" ("&B30&")") -> Samuel Sierra (24) | J11: =IF(L44="","",L44&" × "&M44&" ("&N44&")") -> Elizabeth Neufeld × 420 (22) | M11: =Data!B66 -> -13
A14: ADVANCED AREA RISK SCORE — TOP 10
A15: Name | B15: YTD | C15: Share | D15: Peak | E15: Peak Ct | F15: June | G15: July | H15: Δ | I15: Recent 2 Mo | J15: Volatility | K15: Risk Score | L15: Jan | M15: Feb | N15: Mar | O15: Apr | P15: May | Q15: Jun | R15: Jul
A16: =IFERROR(INDEX(_xlfn.ANCHORARRAY(Data!$J$65),1,1),"") -> 102 | B16: =IF($A16="","",IFERROR(INDEX(_xlfn.ANCHORARRAY(Data!$J$65),1,2),0)) -> 32 | C16: =IF($B16="","",$B16/$A$11) -> 0.11636364 | D16: =IF($A16="","",INDEX($C$63:$I$63,MATCH(MAX(L16:R16),L16:R16,0))) -> Jun | E16: =IF($A16="","",MAX(L16:R16)) -> 10 | F16: =IF($A16="","",Q16) -> 10 | G16: =IF($A16="","",R16) -> 7 | H16: =IF($A16="","",G16-F16) -> -3 | I16: =IF($A16="","",F16+G16) -> 17 | J16: =IF($A16="","",MAX(L16:R16)-MIN(L16:R16)) -> 8 | K16: =IF($A16="","",ROUND(B16*0.65+E16*0.9+I16*0.35+J16*0.45+MAX(0,H16)*1.2,1)) -> 39.4 | L16: =IF($A16="","",COUNTIFS(Master_List_Of_Injuries[Year],$B$63,Master_List_Of_Injuries[Area],$A16,Master_List_Of_Injuries[Month.1],"January")) -> 3 | M16: =IF($A16="","",COUNTIFS(Master_List_Of_Injuries[Year],$B$63,Master_List_Of_Injuries[Area],$A16,Master_List_Of_Injuries[Month.1],"February")) -> 4 | N16: =IF($A16="","",COUNTIFS(Master_List_Of_Injuries[Year],$B$63,Master_List_Of_Injuries[Area],$A16,Master_List_Of_Injuries[Month.1],"March")) -> 3 | O16: =IF($A16="","",COUNTIFS(Master_List_Of_Injuries[Year],$B$63,Master_List_Of_Injuries[Area],$A16,Master_List_Of_Injuries[Month.1],"April")) -> 2 | P16: =IF($A16="","",COUNTIFS(Master_List_Of_Injuries[Year],$B$63,Master_List_Of_Injuries[Area],$A16,Master_List_Of_Injuries[Month.1],"May")) -> 3 | Q16: =IF($A16="","",COUNTIFS(Master_List_Of_Injuries[Year],$B$63,Master_List_Of_Injuries[Area],$A16,Master_List_Of_Injuries[Month.1],"June")) -> 10 | R16: =IF($A16="","",COUNTIFS(Master_List_Of_Injuries[Year],$B$63,Master_List_Of_Injuries[Area],$A16,Master_List_Of_Injuries[Month.1],"July")) -> 7
A17: =IFERROR(INDEX(_xlfn.ANCHORARRAY(Data!$J$65),2,1),"") -> 410 | B17: =IF($A17="","",IFERROR(INDEX(_xlfn.ANCHORARRAY(Data!$J$65),2,2),0)) -> 23 | C17: =IF($B17="","",$B17/$A$11) -> 0.083636364 | D17: =IF($A17="","",INDEX($C$63:$I$63,MATCH(MAX(L17:R17),L17:R17,0))) -> Apr | E17: =IF($A17="","",MAX(L17:R17)) -> 8 | F17: =IF($A17="","",Q17) -> 4 | G17: =IF($A17="","",R17) -> 3 | H17: =IF($A17="","",G17-F17) -> -1 | I17: =IF($A17="","",F17+G17) -> 7 | J17: =IF($A17="","",MAX(L17:R17)-MIN(L17:R17)) -> 7 | K17: =IF($A17="","",ROUND(B17*0.65+E17*0.9+I17*0.35+J17*0.45+MAX(0,H17)*1.2,1)) -> 27.8 | L17: =IF($A17="","",COUNTIFS(Master_List_Of_Injuries[Year],$B$63,Master_List_Of_Injuries[Area],$A17,Master_List_Of_Injuries[Month.1],"January")) -> 1 | M17: =IF($A17="","",COUNTIFS(Master_List_Of_Injuries[Year],$B$63,Master_List_Of_Injuries[Area],$A17,Master_List_Of_Injuries[Month.1],"February")) -> 3 | N17: =IF($A17="","",COUNTIFS(Master_List_Of_Injuries[Year],$B$63,Master_List_Of_Injuries[Area],$A17,Master_List_Of_Injuries[Month.1],"March")) -> 2 | O17: =IF($A17="","",COUNTIFS(Master_List_Of_Injuries[Year],$B$63,Master_List_Of_Injuries[Area],$A17,Master_List_Of_Injuries[Month.1],"April")) -> 8 | P17: =IF($A17="","",COUNTIFS(Master_List_Of_Injuries[Year],$B$63,Master_List_Of_Injuries[Area],$A17,Master_List_Of_Injuries[Month.1],"May")) -> 2 | Q17: =IF($A17="","",COUNTIFS(Master_List_Of_Injuries[Year],$B$63,Master_List_Of_Injuries[Area],$A17,Master_List_Of_Injuries[Month.1],"June")) -> 4 | R17: =IF($A17="","",COUNTIFS(Master_List_Of_Injuries[Year],$B$63,Master_List_Of_Injuries[Area],$A17,Master_List_Of_Injuries[Month.1],"July")) -> 3
A18: =IFERROR(INDEX(_xlfn.ANCHORARRAY(Data!$J$65),3,1),"") -> 420 | B18: =IF($A18="","",IFERROR(INDEX(_xlfn.ANCHORARRAY(Data!$J$65),3,2),0)) -> 22 | C18: =IF($B18="","",$B18/$A$11) -> 0.08 | D18: =IF($A18="","",INDEX($C$63:$I$63,MATCH(MAX(L18:R18),L18:R18,0))) -> Feb | E18: =IF($A18="","",MAX(L18:R18)) -> 4 | F18: =IF($A18="","",Q18) -> 3 | G18: =IF($A18="","",R18) -> 3 | H18: =IF($A18="","",G18-F18) -> 0 | I18: =IF($A18="","",F18+G18) -> 6 | J18: =IF($A18="","",MAX(L18:R18)-MIN(L18:R18)) -> 2 | K18: =IF($A18="","",ROUND(B18*0.65+E18*0.9+I18*0.35+J18*0.45+MAX(0,H18)*1.2,1)) -> 20.9 | L18: =IF($A18="","",COUNTIFS(Master_List_Of_Injuries[Year],$B$63,Master_List_Of_Injuries[Area],$A18,Master_List_Of_Injuries[Month.1],"January")) -> 2 | M18: =IF($A18="","",COUNTIFS(Master_List_Of_Injuries[Year],$B$63,Master_List_Of_Injuries[Area],$A18,Master_List_Of_Injuries[Month.1],"February")) -> 4 | N18: =IF($A18="","",COUNTIFS(Master_List_Of_Injuries[Year],$B$63,Master_List_Of_Injuries[Area],$A18,Master_List_Of_Injuries[Month.1],"March")) -> 4 | O18: =IF($A18="","",COUNTIFS(Master_List_Of_Injuries[Year],$B$63,Master_List_Of_Injuries[Area],$A18,Master_List_Of_Injuries[Month.1],"April")) -> 4 | P18: =IF($A18="","",COUNTIFS(Master_List_Of_Injuries[Year],$B$63,Master_List_Of_Injuries[Area],$A18,Master_List_Of_Injuries[Month.1],"May")) -> 2 | Q18: =IF($A18="","",COUNTIFS(Master_List_Of_Injuries[Year],$B$63,Master_List_Of_Injuries[Area],$A18,Master_List_Of_Injuries[Month.1],"June")) -> 3 | R18: =IF($A18="","",COUNTIFS(Master_List_Of_Injuries[Year],$B$63,Master_List_Of_Injuries[Area],$A18,Master_List_Of_Injuries[Month.1],"July")) -> 3
A19: =IFERROR(INDEX(_xlfn.ANCHORARRAY(Data!$J$65),4,1),"") -> 400 | B19: =IF($A19="","",IFERROR(INDEX(_xlfn.ANCHORARRAY(Data!$J$65),4,2),0)) -> 21 | C19: =IF($B19="","",$B19/$A$11) -> 0.076363636 | D19: =IF($A19="","",INDEX($C$63:$I$63,MATCH(MAX(L19:R19),L19:R19,0))) -> Jun | E19: =IF($A19="","",MAX(L19:R19)) -> 7 | F19: =IF($A19="","",Q19) -> 7 | G19: =IF($A19="","",R19) -> 0 | H19: =IF($A19="","",G19-F19) -> -7 | I19: =IF($A19="","",F19+G19) -> 7 | J19: =IF($A19="","",MAX(L19:R19)-MIN(L19:R19)) -> 7 | K19: =IF($A19="","",ROUND(B19*0.65+E19*0.9+I19*0.35+J19*0.45+MAX(0,H19)*1.2,1)) -> 25.6 | L19: =IF($A19="","",COUNTIFS(Master_List_Of_Injuries[Year],$B$63,Master_List_Of_Injuries[Area],$A19,Master_List_Of_Injuries[Month.1],"January")) -> 1 | M19: =IF($A19="","",COUNTIFS(Master_List_Of_Injuries[Year],$B$63,Master_List_Of_Injuries[Area],$A19,Master_List_Of_Injuries[Month.1],"February")) -> 0 | N19: =IF($A19="","",COUNTIFS(Master_List_Of_Injuries[Year],$B$63,Master_List_Of_Injuries[Area],$A19,Master_List_Of_Injuries[Month.1],"March")) -> 2 | O19: =IF($A19="","",COUNTIFS(Master_List_Of_Injuries[Year],$B$63,Master_List_Of_Injuries[Area],$A19,Master_List_Of_Injuries[Month.1],"April")) -> 6 | P19: =IF($A19="","",COUNTIFS(Master_List_Of_Injuries[Year],$B$63,Master_List_Of_Injuries[Area],$A19,Master_List_Of_Injuries[Month.1],"May")) -> 5 | Q19: =IF($A19="","",COUNTIFS(Master_List_Of_Injuries[Year],$B$63,Master_List_Of_Injuries[Area],$A19,Master_List_Of_Injuries[Month.1],"June")) -> 7 | R19: =IF($A19="","",COUNTIFS(Master_List_Of_Injuries[Year],$B$63,Master_List_Of_Injuries[Area],$A19,Master_List_Of_Injuries[Month.1],"July")) -> 0
A20: =IFERROR(INDEX(_xlfn.ANCHORARRAY(Data!$J$65),5,1),"") -> 405 | B20: =IF($A20="","",IFERROR(INDEX(_xlfn.ANCHORARRAY(Data!$J$65),5,2),0)) -> 20 | C20: =IF($B20="","",$B20/$A$11) -> 0.072727273 | D20: =IF($A20="","",INDEX($C$63:$I$63,MATCH(MAX(L20:R20),L20:R20,0))) -> Jan | E20: =IF($A20="","",MAX(L20:R20)) -> 6 | F20: =IF($A20="","",Q20) -> 3 | G20: =IF($A20="","",R20) -> 1 | H20: =IF($A20="","",G20-F20) -> -2 | I20: =IF($A20="","",F20+G20) -> 4 | J20: =IF($A20="","",MAX(L20:R20)-MIN(L20:R20)) -> 5 | K20: =IF($A20="","",ROUND(B20*0.65+E20*0.9+I20*0.35+J20*0.45+MAX(0,H20)*1.2,1)) -> 22.1 | L20: =IF($A20="","",COUNTIFS(Master_List_Of_Injuries[Year],$B$63,Master_List_Of_Injuries[Area],$A20,Master_List_Of_Injuries[Month.1],"January")) -> 6 | M20: =IF($A20="","",COUNTIFS(Master_List_Of_Injuries[Year],$B$63,Master_List_Of_Injuries[Area],$A20,Master_List_Of_Injuries[Month.1],"February")) -> 1 | N20: =IF($A20="","",COUNTIFS(Master_List_Of_Injuries[Year],$B$63,Master_List_Of_Injuries[Area],$A20,Master_List_Of_Injuries[Month.1],"March")) -> 4 | O20: =IF($A20="","",COUNTIFS(Master_List_Of_Injuries[Year],$B$63,Master_List_Of_Injuries[Area],$A20,Master_List_Of_Injuries[Month.1],"April")) -> 4 | P20: =IF($A20="","",COUNTIFS(Master_List_Of_Injuries[Year],$B$63,Master_List_Of_Injuries[Area],$A20,Master_List_Of_Injuries[Month.1],"May")) -> 1 | Q20: =IF($A20="","",COUNTIFS(Master_List_Of_Injuries[Year],$B$63,Master_List_Of_Injuries[Area],$A20,Master_List_Of_Injuries[Month.1],"June")) -> 3 | R20: =IF($A20="","",COUNTIFS(Master_List_Of_Injuries[Year],$B$63,Master_List_Of_Injuries[Area],$A20,Master_List_Of_Injuries[Month.1],"July")) -> 1
A21: =IFERROR(INDEX(_xlfn.ANCHORARRAY(Data!$J$65),6,1),"") -> 109 | B21: =IF($A21="","",IFERROR(INDEX(_xlfn.ANCHORARRAY(Data!$J$65),6,2),0)) -> 16 | C21: =IF($B21="","",$B21/$A$11) -> 0.058181818 | D21: =IF($A21="","",INDEX($C$63:$I$63,MATCH(MAX(L21:R21),L21:R21,0))) -> May | E21: =IF($A21="","",MAX(L21:R21)) -> 4 | F21: =IF($A21="","",Q21) -> 3 | G21: =IF($A21="","",R21) -> 3 | H21: =IF($A21="","",G21-F21) -> 0 | I21: =IF($A21="","",F21+G21) -> 6 | J21: =IF($A21="","",MAX(L21:R21)-MIN(L21:R21)) -> 4 | K21: =IF($A21="","",ROUND(B21*0.65+E21*0.9+I21*0.35+J21*0.45+MAX(0,H21)*1.2,1)) -> 17.9 | L21: =IF($A21="","",COUNTIFS(Master_List_Of_Injuries[Year],$B$63,Master_List_Of_Injuries[Area],$A21,Master_List_Of_Injuries[Month.1],"January")) -> 0 | M21: =IF($A21="","",COUNTIFS(Master_List_Of_Injuries[Year],$B$63,Master_List_Of_Injuries[Area],$A21,Master_List_Of_Injuries[Month.1],"February")) -> 2 | N21: =IF($A21="","",COUNTIFS(Master_List_Of_Injuries[Year],$B$63,Master_List_Of_Injuries[Area],$A21,Master_List_Of_Injuries[Month.1],"March")) -> 2 | O21: =IF($A21="","",COUNTIFS(Master_List_Of_Injuries[Year],$B$63,Master_List_Of_Injuries[Area],$A21,Master_List_Of_Injuries[Month.1],"April")) -> 2 | P21: =IF($A21="","",COUNTIFS(Master_List_Of_Injuries[Year],$B$63,Master_List_Of_Injuries[Area],$A21,Master_List_Of_Injuries[Month.1],"May")) -> 4 | Q21: =IF($A21="","",COUNTIFS(Master_List_Of_Injuries[Year],$B$63,Master_List_Of_Injuries[Area],$A21,Master_List_Of_Injuries[Month.1],"June")) -> 3 | R21: =IF($A21="","",COUNTIFS(Master_List_Of_Injuries[Year],$B$63,Master_List_Of_Injuries[Area],$A21,Master_List_Of_Injuries[Month.1],"July")) -> 3
A22: =IFERROR(INDEX(_xlfn.ANCHORARRAY(Data!$J$65),7,1),"") -> 101 | B22: =IF($A22="","",IFERROR(INDEX(_xlfn.ANCHORARRAY(Data!$J$65),7,2),0)) -> 16 | C22: =IF($B22="","",$B22/$A$11) -> 0.058181818 | D22: =IF($A22="","",INDEX($C$63:$I$63,MATCH(MAX(L22:R22),L22:R22,0))) -> Jun | E22: =IF($A22="","",MAX(L22:R22)) -> 6 | F22: =IF($A22="","",Q22) -> 6 | G22: =IF($A22="","",R22) -> 3 | H22: =IF($A22="","",G22-F22) -> -3 | I22: =IF($A22="","",F22+G22) -> 9 | J22: =IF($A22="","",MAX(L22:R22)-MIN(L22:R22)) -> 6 | K22: =IF($A22="","",ROUND(B22*0.65+E22*0.9+I22*0.35+J22*0.45+MAX(0,H22)*1.2,1)) -> 21.7 | L22: =IF($A22="","",COUNTIFS(Master_List_Of_Injuries[Year],$B$63,Master_List_Of_Injuries[Area],$A22,Master_List_Of_Injuries[Month.1],"January")) -> 1 | M22: =IF($A22="","",COUNTIFS(Master_List_Of_Injuries[Year],$B$63,Master_List_Of_Injuries[Area],$A22,Master_List_Of_Injuries[Month.1],"February")) -> 3 | N22: =IF($A22="","",COUNTIFS(Master_List_Of_Injuries[Year],$B$63,Master_List_Of_Injuries[Area],$A22,Master_List_Of_Injuries[Month.1],"March")) -> 0 | O22: =IF($A22="","",COUNTIFS(Master_List_Of_Injuries[Year],$B$63,Master_List_Of_Injuries[Area],$A22,Master_List_Of_Injuries[Month.1],"April")) -> 2 | P22: =IF($A22="","",COUNTIFS(Master_List_Of_Injuries[Year],$B$63,Master_List_Of_Injuries[Area],$A22,Master_List_Of_Injuries[Month.1],"May")) -> 1 | Q22: =IF($A22="","",COUNTIFS(Master_List_Of_Injuries[Year],$B$63,Master_List_Of_Injuries[Area],$A22,Master_List_Of_Injuries[Month.1],"June")) -> 6 | R22: =IF($A22="","",COUNTIFS(Master_List_Of_Injuries[Year],$B$63,Master_List_Of_Injuries[Area],$A22,Master_List_Of_Injuries[Month.1],"July")) -> 3
A23: =IFERROR(INDEX(_xlfn.ANCHORARRAY(Data!$J$65),8,1),"") -> 429 | B23: =IF($A23="","",IFERROR(INDEX(_xlfn.ANCHORARRAY(Data!$J$65),8,2),0)) -> 15 | C23: =IF($B23="","",$B23/$A$11) -> 0.054545455 | D23: =IF($A23="","",INDEX($C$63:$I$63,MATCH(MAX(L23:R23),L23:R23,0))) -> Apr | E23: =IF($A23="","",MAX(L23:R23)) -> 6 | F23: =IF($A23="","",Q23) -> 2 | G23: =IF($A23="","",R23) -> 2 | H23: =IF($A23="","",G23-F23) -> 0 | I23: =IF($A23="","",F23+G23) -> 4 | J23: =IF($A23="","",MAX(L23:R23)-MIN(L23:R23)) -> 6 | K23: =IF($A23="","",ROUND(B23*0.65+E23*0.9+I23*0.35+J23*0.45+MAX(0,H23)*1.2,1)) -> 19.3 | L23: =IF($A23="","",COUNTIFS(Master_List_Of_Injuries[Year],$B$63,Master_List_Of_Injuries[Area],$A23,Master_List_Of_Injuries[Month.1],"January")) -> 0 | M23: =IF($A23="","",COUNTIFS(Master_List_Of_Injuries[Year],$B$63,Master_List_Of_Injuries[Area],$A23,Master_List_Of_Injuries[Month.1],"February")) -> 3 | N23: =IF($A23="","",COUNTIFS(Master_List_Of_Injuries[Year],$B$63,Master_List_Of_Injuries[Area],$A23,Master_List_Of_Injuries[Month.1],"March")) -> 2 | O23: =IF($A23="","",COUNTIFS(Master_List_Of_Injuries[Year],$B$63,Master_List_Of_Injuries[Area],$A23,Master_List_Of_Injuries[Month.1],"April")) -> 6 | P23: =IF($A23="","",COUNTIFS(Master_List_Of_Injuries[Year],$B$63,Master_List_Of_Injuries[Area],$A23,Master_List_Of_Injuries[Month.1],"May")) -> 0 | Q23: =IF($A23="","",COUNTIFS(Master_List_Of_Injuries[Year],$B$63,Master_List_Of_Injuries[Area],$A23,Master_List_Of_Injuries[Month.1],"June")) -> 2 | R23: =IF($A23="","",COUNTIFS(Master_List_Of_Injuries[Year],$B$63,Master_List_Of_Injuries[Area],$A23,Master_List_Of_Injuries[Month.1],"July")) -> 2
A24: =IFERROR(INDEX(_xlfn.ANCHORARRAY(Data!$J$65),9,1),"") -> 106 | B24: =IF($A24="","",IFERROR(INDEX(_xlfn.ANCHORARRAY(Data!$J$65),9,2),0)) -> 14 | C24: =IF($B24="","",$B24/$A$11) -> 0.050909091 | D24: =IF($A24="","",INDEX($C$63:$I$63,MATCH(MAX(L24:R24),L24:R24,0))) -> Feb | E24: =IF($A24="","",MAX(L24:R24)) -> 5 | F24: =IF($A24="","",Q24) -> 3 | G24: =IF($A24="","",R24) -> 0 | H24: =IF($A24="","",G24-F24) -> -3 | I24: =IF($A24="","",F24+G24) -> 3 | J24: =IF($A24="","",MAX(L24:R24)-MIN(L24:R24)) -> 5 | K24: =IF($A24="","",ROUND(B24*0.65+E24*0.9+I24*0.35+J24*0.45+MAX(0,H24)*1.2,1)) -> 16.9 | L24: =IF($A24="","",COUNTIFS(Master_List_Of_Injuries[Year],$B$63,Master_List_Of_Injuries[Area],$A24,Master_List_Of_Injuries[Month.1],"January")) -> 4 | M24: =IF($A24="","",COUNTIFS(Master_List_Of_Injuries[Year],$B$63,Master_List_Of_Injuries[Area],$A24,Master_List_Of_Injuries[Month.1],"February")) -> 5 | N24: =IF($A24="","",COUNTIFS(Master_List_Of_Injuries[Year],$B$63,Master_List_Of_Injuries[Area],$A24,Master_List_Of_Injuries[Month.1],"March")) -> 1 | O24: =IF($A24="","",COUNTIFS(Master_List_Of_Injuries[Year],$B$63,Master_List_Of_Injuries[Area],$A24,Master_List_Of_Injuries[Month.1],"April")) -> 1 | P24: =IF($A24="","",COUNTIFS(Master_List_Of_Injuries[Year],$B$63,Master_List_Of_Injuries[Area],$A24,Master_List_Of_Injuries[Month.1],"May")) -> 0 | Q24: =IF($A24="","",COUNTIFS(Master_List_Of_Injuries[Year],$B$63,Master_List_Of_Injuries[Area],$A24,Master_List_Of_Injuries[Month.1],"June")) -> 3 | R24: =IF($A24="","",COUNTIFS(Master_List_Of_Injuries[Year],$B$63,Master_List_Of_Injuries[Area],$A24,Master_List_Of_Injuries[Month.1],"July")) -> 0
A25: =IFERROR(INDEX(_xlfn.ANCHORARRAY(Data!$J$65),10,1),"") -> 100 | B25: =IF($A25="","",IFERROR(INDEX(_xlfn.ANCHORARRAY(Data!$J$65),10,2),0)) -> 12 | C25: =IF($B25="","",$B25/$A$11) -> 0.043636364 | D25: =IF($A25="","",INDEX($C$63:$I$63,MATCH(MAX(L25:R25),L25:R25,0))) -> Mar | E25: =IF($A25="","",MAX(L25:R25)) -> 4 | F25: =IF($A25="","",Q25) -> 0 | G25: =IF($A25="","",R25) -> 4 | H25: =IF($A25="","",G25-F25) -> 4 | I25: =IF($A25="","",F25+G25) -> 4 | J25: =IF($A25="","",MAX(L25:R25)-MIN(L25:R25)) -> 4 | K25: =IF($A25="","",ROUND(B25*0.65+E25*0.9+I25*0.35+J25*0.45+MAX(0,H25)*1.2,1)) -> 19.4 | L25: =IF($A25="","",COUNTIFS(Master_List_Of_Injuries[Year],$B$63,Master_List_Of_Injuries[Area],$A25,Master_List_Of_Injuries[Month.1],"January")) -> 1 | M25: =IF($A25="","",COUNTIFS(Master_List_Of_Injuries[Year],$B$63,Master_List_Of_Injuries[Area],$A25,Master_List_Of_Injuries[Month.1],"February")) -> 2 | N25: =IF($A25="","",COUNTIFS(Master_List_Of_Injuries[Year],$B$63,Master_List_Of_Injuries[Area],$A25,Master_List_Of_Injuries[Month.1],"March")) -> 4 | O25: =IF($A25="","",COUNTIFS(Master_List_Of_Injuries[Year],$B$63,Master_List_Of_Injuries[Area],$A25,Master_List_Of_Injuries[Month.1],"April")) -> 0 | P25: =IF($A25="","",COUNTIFS(Master_List_Of_Injuries[Year],$B$63,Master_List_Of_Injuries[Area],$A25,Master_List_Of_Injuries[Month.1],"May")) -> 1 | Q25: =IF($A25="","",COUNTIFS(Master_List_Of_Injuries[Year],$B$63,Master_List_Of_Injuries[Area],$A25,Master_List_Of_Injuries[Month.1],"June")) -> 0 | R25: =IF($A25="","",COUNTIFS(Master_List_Of_Injuries[Year],$B$63,Master_List_Of_Injuries[Area],$A25,Master_List_Of_Injuries[Month.1],"July")) -> 4
A28: ADVANCED SUPERVISOR RISK SCORE — TOP 10
A29: Name | B29: YTD | C29: Share | D29: Peak | E29: Peak Ct | F29: June | G29: July | H29: Δ | I29: Recent 2 Mo | J29: Volatility | K29: Risk Score | L29: Jan | M29: Feb | N29: Mar | O29: Apr | P29: May | Q29: Jun | R29: Jul
A30: =IFERROR(INDEX(_xlfn.ANCHORARRAY(Data!$M$65),1,1),"") -> Samuel Sierra | B30: =IF($A30="","",IFERROR(INDEX(_xlfn.ANCHORARRAY(Data!$M$65),1,2),0)) -> 24 | C30: =IF(OR($A30="",$B30=""),"",$B30/$A$11) -> 0.087272727 | D30: =IF($A30="","",INDEX($C$63:$I$63,MATCH(MAX(L30:R30),L30:R30,0))) -> Mar | E30: =IF($A30="","",MAX(L30:R30)) -> 6 | F30: =IF($A30="","",Q30) -> 3 | G30: =IF($A30="","",R30) -> 5 | H30: =IF($A30="","",G30-F30) -> 2 | I30: =IF($A30="","",F30+G30) -> 8 | J30: =IF($A30="","",MAX(L30:R30)-MIN(L30:R30)) -> 6 | K30: =IF($A30="","",ROUND(B30*0.65+E30*0.9+I30*0.35+J30*0.45+MAX(0,H30)*1.2,1)) -> 28.9 | L30: =IF($A30="","",COUNTIFS(Master_List_Of_Injuries[Year],$B$63,Master_List_Of_Injuries[Supervisor],$A30,Master_List_Of_Injuries[Month.1],"January")) -> 0 | M30: =IF($A30="","",COUNTIFS(Master_List_Of_Injuries[Year],$B$63,Master_List_Of_Injuries[Supervisor],$A30,Master_List_Of_Injuries[Month.1],"February")) -> 3 | N30: =IF($A30="","",COUNTIFS(Master_List_Of_Injuries[Year],$B$63,Master_List_Of_Injuries[Supervisor],$A30,Master_List_Of_Injuries[Month.1],"March")) -> 6 | O30: =IF($A30="","",COUNTIFS(Master_List_Of_Injuries[Year],$B$63,Master_List_Of_Injuries[Supervisor],$A30,Master_List_Of_Injuries[Month.1],"April")) -> 2 | P30: =IF($A30="","",COUNTIFS(Master_List_Of_Injuries[Year],$B$63,Master_List_Of_Injuries[Supervisor],$A30,Master_List_Of_Injuries[Month.1],"May")) -> 5 | Q30: =IF($A30="","",COUNTIFS(Master_List_Of_Injuries[Year],$B$63,Master_List_Of_Injuries[Supervisor],$A30,Master_List_Of_Injuries[Month.1],"June")) -> 3 | R30: =IF($A30="","",COUNTIFS(Master_List_Of_Injuries[Year],$B$63,Master_List_Of_Injuries[Supervisor],$A30,Master_List_Of_Injuries[Month.1],"July")) -> 5
A31: =IFERROR(INDEX(_xlfn.ANCHORARRAY(Data!$M$65),2,1),"") -> Elizabeth Neufeld | B31: =IF($A31="","",IFERROR(INDEX(_xlfn.ANCHORARRAY(Data!$M$65),2,2),0)) -> 23 | C31: =IF(OR($A31="",$B31=""),"",$B31/$A$11) -> 0.083636364 | D31: =IF($A31="","",INDEX($C$63:$I$63,MATCH(MAX(L31:R31),L31:R31,0))) -> Feb | E31: =IF($A31="","",MAX(L31:R31)) -> 4 | F31: =IF($A31="","",Q31) -> 3 | G31: =IF($A31="","",R31) -> 4 | H31: =IF($A31="","",G31-F31) -> 1 | I31: =IF($A31="","",F31+G31) -> 7 | J31: =IF($A31="","",MAX(L31:R31)-MIN(L31:R31)) -> 2 | K31: =IF($A31="","",ROUND(B31*0.65+E31*0.9+I31*0.35+J31*0.45+MAX(0,H31)*1.2,1)) -> 23.1 | L31: =IF($A31="","",COUNTIFS(Master_List_Of_Injuries[Year],$B$63,Master_List_Of_Injuries[Supervisor],$A31,Master_List_Of_Injuries[Month.1],"January")) -> 2 | M31: =IF($A31="","",COUNTIFS(Master_List_Of_Injuries[Year],$B$63,Master_List_Of_Injuries[Supervisor],$A31,Master_List_Of_Injuries[Month.1],"February")) -> 4 | N31: =IF($A31="","",COUNTIFS(Master_List_Of_Injuries[Year],$B$63,Master_List_Of_Injuries[Supervisor],$A31,Master_List_Of_Injuries[Month.1],"March")) -> 4 | O31: =IF($A31="","",COUNTIFS(Master_List_Of_Injuries[Year],$B$63,Master_List_Of_Injuries[Supervisor],$A31,Master_List_Of_Injuries[Month.1],"April")) -> 4 | P31: =IF($A31="","",COUNTIFS(Master_List_Of_Injuries[Year],$B$63,Master_List_Of_Injuries[Supervisor],$A31,Master_List_Of_Injuries[Month.1],"May")) -> 2 | Q31: =IF($A31="","",COUNTIFS(Master_List_Of_Injuries[Year],$B$63,Master_List_Of_Injuries[Supervisor],$A31,Master_List_Of_Injuries[Month.1],"June")) -> 3 | R31: =IF($A31="","",COUNTIFS(Master_List_Of_Injuries[Year],$B$63,Master_List_Of_Injuries[Supervisor],$A31,Master_List_Of_Injuries[Month.1],"July")) -> 4
A32: =IFERROR(INDEX(_xlfn.ANCHORARRAY(Data!$M$65),3,1),"") -> Juan Ramirez | B32: =IF($A32="","",IFERROR(INDEX(_xlfn.ANCHORARRAY(Data!$M$65),3,2),0)) -> 21 | C32: =IF(OR($A32="",$B32=""),"",$B32/$A$11) -> 0.076363636 | D32: =IF($A32="","",INDEX($C$63:$I$63,MATCH(MAX(L32:R32),L32:R32,0))) -> Apr | E32: =IF($A32="","",MAX(L32:R32)) -> 7 | F32: =IF($A32="","",Q32) -> 4 | G32: =IF($A32="","",R32) -> 3 | H32: =IF($A32="","",G32-F32) -> -1 | I32: =IF($A32="","",F32+G32) -> 7 | J32: =IF($A32="","",MAX(L32:R32)-MIN(L32:R32)) -> 6 | K32: =IF($A32="","",ROUND(B32*0.65+E32*0.9+I32*0.35+J32*0.45+MAX(0,H32)*1.2,1)) -> 25.1 | L32: =IF($A32="","",COUNTIFS(Master_List_Of_Injuries[Year],$B$63,Master_List_Of_Injuries[Supervisor],$A32,Master_List_Of_Injuries[Month.1],"January")) -> 1 | M32: =IF($A32="","",COUNTIFS(Master_List_Of_Injuries[Year],$B$63,Master_List_Of_Injuries[Supervisor],$A32,Master_List_Of_Injuries[Month.1],"February")) -> 2 | N32: =IF($A32="","",COUNTIFS(Master_List_Of_Injuries[Year],$B$63,Master_List_Of_Injuries[Supervisor],$A32,Master_List_Of_Injuries[Month.1],"March")) -> 2 | O32: =IF($A32="","",COUNTIFS(Master_List_Of_Injuries[Year],$B$63,Master_List_Of_Injuries[Supervisor],$A32,Master_List_Of_Injuries[Month.1],"April")) -> 7 | P32: =IF($A32="","",COUNTIFS(Master_List_Of_Injuries[Year],$B$63,Master_List_Of_Injuries[Supervisor],$A32,Master_List_Of_Injuries[Month.1],"May")) -> 2 | Q32: =IF($A32="","",COUNTIFS(Master_List_Of_Injuries[Year],$B$63,Master_List_Of_Injuries[Supervisor],$A32,Master_List_Of_Injuries[Month.1],"June")) -> 4 | R32: =IF($A32="","",COUNTIFS(Master_List_Of_Injuries[Year],$B$63,Master_List_Of_Injuries[Supervisor],$A32,Master_List_Of_Injuries[Month.1],"July")) -> 3
A33: =IFERROR(INDEX(_xlfn.ANCHORARRAY(Data!$M$65),4,1),"") -> Ovidio Sanchez | B33: =IF($A33="","",IFERROR(INDEX(_xlfn.ANCHORARRAY(Data!$M$65),4,2),0)) -> 21 | C33: =IF(OR($A33="",$B33=""),"",$B33/$A$11) -> 0.076363636 | D33: =IF($A33="","",INDEX($C$63:$I$63,MATCH(MAX(L33:R33),L33:R33,0))) -> Jun | E33: =IF($A33="","",MAX(L33:R33)) -> 7 | F33: =IF($A33="","",Q33) -> 7 | G33: =IF($A33="","",R33) -> 0 | H33: =IF($A33="","",G33-F33) -> -7 | I33: =IF($A33="","",F33+G33) -> 7 | J33: =IF($A33="","",MAX(L33:R33)-MIN(L33:R33)) -> 7 | K33: =IF($A33="","",ROUND(B33*0.65+E33*0.9+I33*0.35+J33*0.45+MAX(0,H33)*1.2,1)) -> 25.6 | L33: =IF($A33="","",COUNTIFS(Master_List_Of_Injuries[Year],$B$63,Master_List_Of_Injuries[Supervisor],$A33,Master_List_Of_Injuries[Month.1],"January")) -> 1 | M33: =IF($A33="","",COUNTIFS(Master_List_Of_Injuries[Year],$B$63,Master_List_Of_Injuries[Supervisor],$A33,Master_List_Of_Injuries[Month.1],"February")) -> 0 | N33: =IF($A33="","",COUNTIFS(Master_List_Of_Injuries[Year],$B$63,Master_List_Of_Injuries[Supervisor],$A33,Master_List_Of_Injuries[Month.1],"March")) -> 2 | O33: =IF($A33="","",COUNTIFS(Master_List_Of_Injuries[Year],$B$63,Master_List_Of_Injuries[Supervisor],$A33,Master_List_Of_Injuries[Month.1],"April")) -> 6 | P33: =IF($A33="","",COUNTIFS(Master_List_Of_Injuries[Year],$B$63,Master_List_Of_Injuries[Supervisor],$A33,Master_List_Of_Injuries[Month.1],"May")) -> 5 | Q33: =IF($A33="","",COUNTIFS(Master_List_Of_Injuries[Year],$B$63,Master_List_Of_Injuries[Supervisor],$A33,Master_List_Of_Injuries[Month.1],"June")) -> 7 | R33: =IF($A33="","",COUNTIFS(Master_List_Of_Injuries[Year],$B$63,Master_List_Of_Injuries[Supervisor],$A33,Master_List_Of_Injuries[Month.1],"July")) -> 0
A34: =IFERROR(INDEX(_xlfn.ANCHORARRAY(Data!$M$65),5,1),"") -> Alex Vargas | B34: =IF($A34="","",IFERROR(INDEX(_xlfn.ANCHORARRAY(Data!$M$65),5,2),0)) -> 19 | C34: =IF(OR($A34="",$B34=""),"",$B34/$A$11) -> 0.069090909 | D34: =IF($A34="","",INDEX($C$63:$I$63,MATCH(MAX(L34:R34),L34:R34,0))) -> Jun | E34: =IF($A34="","",MAX(L34:R34)) -> 10 | F34: =IF($A34="","",Q34) -> 10 | G34: =IF($A34="","",R34) -> 7 | H34: =IF($A34="","",G34-F34) -> -3 | I34: =IF($A34="","",F34+G34) -> 17 | J34: =IF($A34="","",MAX(L34:R34)-MIN(L34:R34)) -> 10 | K34: =IF($A34="","",ROUND(B34*0.65+E34*0.9+I34*0.35+J34*0.45+MAX(0,H34)*1.2,1)) -> 31.8 | L34: =IF($A34="","",COUNTIFS(Master_List_Of_Injuries[Year],$B$63,Master_List_Of_Injuries[Supervisor],$A34,Master_List_Of_Injuries[Month.1],"January")) -> 0 | M34: =IF($A34="","",COUNTIFS(Master_List_Of_Injuries[Year],$B$63,Master_List_Of_Injuries[Supervisor],$A34,Master_List_Of_Injuries[Month.1],"February")) -> 0 | N34: =IF($A34="","",COUNTIFS(Master_List_Of_Injuries[Year],$B$63,Master_List_Of_Injuries[Supervisor],$A34,Master_List_Of_Injuries[Month.1],"March")) -> 0 | O34: =IF($A34="","",COUNTIFS(Master_List_Of_Injuries[Year],$B$63,Master_List_Of_Injuries[Supervisor],$A34,Master_List_Of_Injuries[Month.1],"April")) -> 0 | P34: =IF($A34="","",COUNTIFS(Master_List_Of_Injuries[Year],$B$63,Master_List_Of_Injuries[Supervisor],$A34,Master_List_Of_Injuries[Month.1],"May")) -> 2 | Q34: =IF($A34="","",COUNTIFS(Master_List_Of_Injuries[Year],$B$63,Master_List_Of_Injuries[Supervisor],$A34,Master_List_Of_Injuries[Month.1],"June")) -> 10 | R34: =IF($A34="","",COUNTIFS(Master_List_Of_Injuries[Year],$B$63,Master_List_Of_Injuries[Supervisor],$A34,Master_List_Of_Injuries[Month.1],"July")) -> 7
A35: =IFERROR(INDEX(_xlfn.ANCHORARRAY(Data!$M$65),6,1),"") -> Diego Soria | B35: =IF($A35="","",IFERROR(INDEX(_xlfn.ANCHORARRAY(Data!$M$65),6,2),0)) -> 18 | C35: =IF(OR($A35="",$B35=""),"",$B35/$A$11) -> 0.065454545 | D35: =IF($A35="","",INDEX($C$63:$I$63,MATCH(MAX(L35:R35),L35:R35,0))) -> Jan | E35: =IF($A35="","",MAX(L35:R35)) -> 6 | F35: =IF($A35="","",Q35) -> 2 | G35: =IF($A35="","",R35) -> 1 | H35: =IF($A35="","",G35-F35) -> -1 | I35: =IF($A35="","",F35+G35) -> 3 | J35: =IF($A35="","",MAX(L35:R35)-MIN(L35:R35)) -> 5 | K35: =IF($A35="","",ROUND(B35*0.65+E35*0.9+I35*0.35+J35*0.45+MAX(0,H35)*1.2,1)) -> 20.4 | L35: =IF($A35="","",COUNTIFS(Master_List_Of_Injuries[Year],$B$63,Master_List_Of_Injuries[Supervisor],$A35,Master_List_Of_Injuries[Month.1],"January")) -> 6 | M35: =IF($A35="","",COUNTIFS(Master_List_Of_Injuries[Year],$B$63,Master_List_Of_Injuries[Supervisor],$A35,Master_List_Of_Injuries[Month.1],"February")) -> 1 | N35: =IF($A35="","",COUNTIFS(Master_List_Of_Injuries[Year],$B$63,Master_List_Of_Injuries[Supervisor],$A35,Master_List_Of_Injuries[Month.1],"March")) -> 3 | O35: =IF($A35="","",COUNTIFS(Master_List_Of_Injuries[Year],$B$63,Master_List_Of_Injuries[Supervisor],$A35,Master_List_Of_Injuries[Month.1],"April")) -> 4 | P35: =IF($A35="","",COUNTIFS(Master_List_Of_Injuries[Year],$B$63,Master_List_Of_Injuries[Supervisor],$A35,Master_List_Of_Injuries[Month.1],"May")) -> 1 | Q35: =IF($A35="","",COUNTIFS(Master_List_Of_Injuries[Year],$B$63,Master_List_Of_Injuries[Supervisor],$A35,Master_List_Of_Injuries[Month.1],"June")) -> 2 | R35: =IF($A35="","",COUNTIFS(Master_List_Of_Injuries[Year],$B$63,Master_List_Of_Injuries[Supervisor],$A35,Master_List_Of_Injuries[Month.1],"July")) -> 1
A36: =IFERROR(INDEX(_xlfn.ANCHORARRAY(Data!$M$65),7,1),"") -> Christian Lopez | B36: =IF($A36="","",IFERROR(INDEX(_xlfn.ANCHORARRAY(Data!$M$65),7,2),0)) -> 15 | C36: =IF(OR($A36="",$B36=""),"",$B36/$A$11) -> 0.054545455 | D36: =IF($A36="","",INDEX($C$63:$I$63,MATCH(MAX(L36:R36),L36:R36,0))) -> Feb | E36: =IF($A36="","",MAX(L36:R36)) -> 5 | F36: =IF($A36="","",Q36) -> 0 | G36: =IF($A36="","",R36) -> 0 | H36: =IF($A36="","",G36-F36) -> 0 | I36: =IF($A36="","",F36+G36) -> 0 | J36: =IF($A36="","",MAX(L36:R36)-MIN(L36:R36)) -> 5 | K36: =IF($A36="","",ROUND(B36*0.65+E36*0.9+I36*0.35+J36*0.45+MAX(0,H36)*1.2,1)) -> 16.5 | L36: =IF($A36="","",COUNTIFS(Master_List_Of_Injuries[Year],$B$63,Master_List_Of_Injuries[Supervisor],$A36,Master_List_Of_Injuries[Month.1],"January")) -> 3 | M36: =IF($A36="","",COUNTIFS(Master_List_Of_Injuries[Year],$B$63,Master_List_Of_Injuries[Supervisor],$A36,Master_List_Of_Injuries[Month.1],"February")) -> 5 | N36: =IF($A36="","",COUNTIFS(Master_List_Of_Injuries[Year],$B$63,Master_List_Of_Injuries[Supervisor],$A36,Master_List_Of_Injuries[Month.1],"March")) -> 2 | O36: =IF($A36="","",COUNTIFS(Master_List_Of_Injuries[Year],$B$63,Master_List_Of_Injuries[Supervisor],$A36,Master_List_Of_Injuries[Month.1],"April")) -> 3 | P36: =IF($A36="","",COUNTIFS(Master_List_Of_Injuries[Year],$B$63,Master_List_Of_Injuries[Supervisor],$A36,Master_List_Of_Injuries[Month.1],"May")) -> 2 | Q36: =IF($A36="","",COUNTIFS(Master_List_Of_Injuries[Year],$B$63,Master_List_Of_Injuries[Supervisor],$A36,Master_List_Of_Injuries[Month.1],"June")) -> 0 | R36: =IF($A36="","",COUNTIFS(Master_List_Of_Injuries[Year],$B$63,Master_List_Of_Injuries[Supervisor],$A36,Master_List_Of_Injuries[Month.1],"July")) -> 0
A37: =IFERROR(INDEX(_xlfn.ANCHORARRAY(Data!$M$65),8,1),"") -> Chadu Moua | B37: =IF($A37="","",IFERROR(INDEX(_xlfn.ANCHORARRAY(Data!$M$65),8,2),0)) -> 15 | C37: =IF(OR($A37="",$B37=""),"",$B37/$A$11) -> 0.054545455 | D37: =IF($A37="","",INDEX($C$63:$I$63,MATCH(MAX(L37:R37),L37:R37,0))) -> Apr | E37: =IF($A37="","",MAX(L37:R37)) -> 7 | F37: =IF($A37="","",Q37) -> 2 | G37: =IF($A37="","",R37) -> 2 | H37: =IF($A37="","",G37-F37) -> 0 | I37: =IF($A37="","",F37+G37) -> 4 | J37: =IF($A37="","",MAX(L37:R37)-MIN(L37:R37)) -> 7 | K37: =IF($A37="","",ROUND(B37*0.65+E37*0.9+I37*0.35+J37*0.45+MAX(0,H37)*1.2,1)) -> 20.6 | L37: =IF($A37="","",COUNTIFS(Master_List_Of_Injuries[Year],$B$63,Master_List_Of_Injuries[Supervisor],$A37,Master_List_Of_Injuries[Month.1],"January")) -> 0 | M37: =IF($A37="","",COUNTIFS(Master_List_Of_Injuries[Year],$B$63,Master_List_Of_Injuries[Supervisor],$A37,Master_List_Of_Injuries[Month.1],"February")) -> 3 | N37: =IF($A37="","",COUNTIFS(Master_List_Of_Injuries[Year],$B$63,Master_List_Of_Injuries[Supervisor],$A37,Master_List_Of_Injuries[Month.1],"March")) -> 1 | O37: =IF($A37="","",COUNTIFS(Master_List_Of_Injuries[Year],$B$63,Master_List_Of_Injuries[Supervisor],$A37,Master_List_Of_Injuries[Month.1],"April")) -> 7 | P37: =IF($A37="","",COUNTIFS(Master_List_Of_Injuries[Year],$B$63,Master_List_Of_Injuries[Supervisor],$A37,Master_List_Of_Injuries[Month.1],"May")) -> 0 | Q37: =IF($A37="","",COUNTIFS(Master_List_Of_Injuries[Year],$B$63,Master_List_Of_Injuries[Supervisor],$A37,Master_List_Of_Injuries[Month.1],"June")) -> 2 | R37: =IF($A37="","",COUNTIFS(Master_List_Of_Injuries[Year],$B$63,Master_List_Of_Injuries[Supervisor],$A37,Master_List_Of_Injuries[Month.1],"July")) -> 2
A38: =IFERROR(INDEX(_xlfn.ANCHORARRAY(Data!$M$65),9,1),"") -> Richard Xiong | B38: =IF($A38="","",IFERROR(INDEX(_xlfn.ANCHORARRAY(Data!$M$65),9,2),0)) -> 15 | C38: =IF(OR($A38="",$B38=""),"",$B38/$A$11) -> 0.054545455 | D38: =IF($A38="","",INDEX($C$63:$I$63,MATCH(MAX(L38:R38),L38:R38,0))) -> Jun | E38: =IF($A38="","",MAX(L38:R38)) -> 6 | F38: =IF($A38="","",Q38) -> 6 | G38: =IF($A38="","",R38) -> 3 | H38: =IF($A38="","",G38-F38) -> -3 | I38: =IF($A38="","",F38+G38) -> 9 | J38: =IF($A38="","",MAX(L38:R38)-MIN(L38:R38)) -> 6 | K38: =IF($A38="","",ROUND(B38*0.65+E38*0.9+I38*0.35+J38*0.45+MAX(0,H38)*1.2,1)) -> 21 | L38: =IF($A38="","",COUNTIFS(Master_List_Of_Injuries[Year],$B$63,Master_List_Of_Injuries[Supervisor],$A38,Master_List_Of_Injuries[Month.1],"January")) -> 1 | M38: =IF($A38="","",COUNTIFS(Master_List_Of_Injuries[Year],$B$63,Master_List_Of_Injuries[Supervisor],$A38,Master_List_Of_Injuries[Month.1],"February")) -> 2 | N38: =IF($A38="","",COUNTIFS(Master_List_Of_Injuries[Year],$B$63,Master_List_Of_Injuries[Supervisor],$A38,Master_List_Of_Injuries[Month.1],"March")) -> 0 | O38: =IF($A38="","",COUNTIFS(Master_List_Of_Injuries[Year],$B$63,Master_List_Of_Injuries[Supervisor],$A38,Master_List_Of_Injuries[Month.1],"April")) -> 2 | P38: =IF($A38="","",COUNTIFS(Master_List_Of_Injuries[Year],$B$63,Master_List_Of_Injuries[Supervisor],$A38,Master_List_Of_Injuries[Month.1],"May")) -> 1 | Q38: =IF($A38="","",COUNTIFS(Master_List_Of_Injuries[Year],$B$63,Master_List_Of_Injuries[Supervisor],$A38,Master_List_Of_Injuries[Month.1],"June")) -> 6 | R38: =IF($A38="","",COUNTIFS(Master_List_Of_Injuries[Year],$B$63,Master_List_Of_Injuries[Supervisor],$A38,Master_List_Of_Injuries[Month.1],"July")) -> 3
A39: =IFERROR(INDEX(_xlfn.ANCHORARRAY(Data!$M$65),10,1),"") -> Rutilo Rodriguez | B39: =IF($A39="","",IFERROR(INDEX(_xlfn.ANCHORARRAY(Data!$M$65),10,2),0)) -> 0 | C39: =IF(OR($A39="",$B39=""),"",$B39/$A$11) -> 0 | D39: =IF($A39="","",INDEX($C$63:$I$63,MATCH(MAX(L39:R39),L39:R39,0))) -> Jan | E39: =IF($A39="","",MAX(L39:R39)) -> 0 | F39: =IF($A39="","",Q39) -> 0 | G39: =IF($A39="","",R39) -> 0 | H39: =IF($A39="","",G39-F39) -> 0 | I39: =IF($A39="","",F39+G39) -> 0 | J39: =IF($A39="","",MAX(L39:R39)-MIN(L39:R39)) -> 0 | K39: =IF($A39="","",ROUND(B39*0.65+E39*0.9+I39*0.35+J39*0.45+MAX(0,H39)*1.2,1)) -> 0 | L39: =IF($A39="","",COUNTIFS(Master_List_Of_Injuries[Year],$B$63,Master_List_Of_Injuries[Supervisor],$A39,Master_List_Of_Injuries[Month.1],"January")) -> 0 | M39: =IF($A39="","",COUNTIFS(Master_List_Of_Injuries[Year],$B$63,Master_List_Of_Injuries[Supervisor],$A39,Master_List_Of_Injuries[Month.1],"February")) -> 0 | N39: =IF($A39="","",COUNTIFS(Master_List_Of_Injuries[Year],$B$63,Master_List_Of_Injuries[Supervisor],$A39,Master_List_Of_Injuries[Month.1],"March")) -> 0 | O39: =IF($A39="","",COUNTIFS(Master_List_Of_Injuries[Year],$B$63,Master_List_Of_Injuries[Supervisor],$A39,Master_List_Of_Injuries[Month.1],"April")) -> 0 | P39: =IF($A39="","",COUNTIFS(Master_List_Of_Injuries[Year],$B$63,Master_List_Of_Injuries[Supervisor],$A39,Master_List_Of_Injuries[Month.1],"May")) -> 0 | Q39: =IF($A39="","",COUNTIFS(Master_List_Of_Injuries[Year],$B$63,Master_List_Of_Injuries[Supervisor],$A39,Master_List_Of_Injuries[Month.1],"June")) -> 0 | R39: =IF($A39="","",COUNTIFS(Master_List_Of_Injuries[Year],$B$63,Master_List_Of_Injuries[Supervisor],$A39,Master_List_Of_Injuries[Month.1],"July")) -> 0
A42: SUPERVISOR × AREA INTERSECTION MATRIX — TOP 8 × TOP 8 | L42: TOP SUPERVISOR-AREA PAIRS
A43: Supervisor | B43: =IFERROR("Area "&INDEX(_xlfn.ANCHORARRAY(Data!$J$65),1,1),"") -> Area 102 | C43: =IFERROR("Area "&INDEX(_xlfn.ANCHORARRAY(Data!$J$65),2,1),"") -> Area 410 | D43: =IFERROR("Area "&INDEX(_xlfn.ANCHORARRAY(Data!$J$65),3,1),"") -> Area 420 | E43: =IFERROR("Area "&INDEX(_xlfn.ANCHORARRAY(Data!$J$65),4,1),"") -> Area 400 | F43: =IFERROR("Area "&INDEX(_xlfn.ANCHORARRAY(Data!$J$65),5,1),"") -> Area 405 | G43: =IFERROR("Area "&INDEX(_xlfn.ANCHORARRAY(Data!$J$65),6,1),"") -> Area 109 | H43: =IFERROR("Area "&INDEX(_xlfn.ANCHORARRAY(Data!$J$65),7,1),"") -> Area 101 | I43: =IFERROR("Area "&INDEX(_xlfn.ANCHORARRAY(Data!$J$65),8,1),"") -> Area 429 | J43: Top-8 Total | K43: Risk Score | L43: Supervisor | M43: Area | N43: Incidents | O43: Share
A44: =IFERROR(INDEX(_xlfn.ANCHORARRAY(Data!$M$65),1,1),"") -> Samuel Sierra | B44: =IF(OR($A44="",B$43=""),"",COUNTIFS(Master_List_Of_Injuries[Year],$B$63,Master_List_Of_Injuries[Supervisor],$A44,Master_List_Of_Injuries[Area],INDEX(_xlfn.ANCHORARRAY(Data!$J$65),1,1))) -> 5 | C44: =IF(OR($A44="",C$43=""),"",COUNTIFS(Master_List_Of_Injuries[Year],$B$63,Master_List_Of_Injuries[Supervisor],$A44,Master_List_Of_Injuries[Area],INDEX(_xlfn.ANCHORARRAY(Data!$J$65),2,1))) -> 0 | D44: =IF(OR($A44="",D$43=""),"",COUNTIFS(Master_List_Of_Injuries[Year],$B$63,Master_List_Of_Injuries[Supervisor],$A44,Master_List_Of_Injuries[Area],INDEX(_xlfn.ANCHORARRAY(Data!$J$65),3,1))) -> 0 | E44: =IF(OR($A44="",E$43=""),"",COUNTIFS(Master_List_Of_Injuries[Year],$B$63,Master_List_Of_Injuries[Supervisor],$A44,Master_List_Of_Injuries[Area],INDEX(_xlfn.ANCHORARRAY(Data!$J$65),4,1))) -> 0 | F44: =IF(OR($A44="",F$43=""),"",COUNTIFS(Master_List_Of_Injuries[Year],$B$63,Master_List_Of_Injuries[Supervisor],$A44,Master_List_Of_Injuries[Area],INDEX(_xlfn.ANCHORARRAY(Data!$J$65),5,1))) -> 0 | G44: =IF(OR($A44="",G$43=""),"",COUNTIFS(Master_List_Of_Injuries[Year],$B$63,Master_List_Of_Injuries[Supervisor],$A44,Master_List_Of_Injuries[Area],INDEX(_xlfn.ANCHORARRAY(Data!$J$65),6,1))) -> 12 | H44: =IF(OR($A44="",H$43=""),"",COUNTIFS(Master_List_Of_Injuries[Year],$B$63,Master_List_Of_Injuries[Supervisor],$A44,Master_List_Of_Injuries[Area],INDEX(_xlfn.ANCHORARRAY(Data!$J$65),7,1))) -> 0 | I44: =IF(OR($A44="",I$43=""),"",COUNTIFS(Master_List_Of_Injuries[Year],$B$63,Master_List_Of_Injuries[Supervisor],$A44,Master_List_Of_Injuries[Area],INDEX(_xlfn.ANCHORARRAY(Data!$J$65),8,1))) -> 0 | J44: =IF($A44="","",SUM(B44:I44)) -> 17 | K44: =IF($A44="","",IFERROR(INDEX($K$30:$K$39,MATCH($A44,$A$30:$A$39,0)),"")) -> 28.9 | L44: {=_xlfn.LET( _xlpm.m,$B$44:$I$51, _xlpm.r,$A$44:$A$51, _xlpm.c,$B$43:$I$43, _xlpm.n,ROWS(_xlpm.m)*COLUMNS(_xlpm.m), _xlpm.rIdx,INT((_xlfn.SEQUENCE(_xlpm.n)-1)/COLUMNS(_xlpm.m))+1, _xlpm.cIdx,MOD(_xlfn.SEQUENCE(_xlpm.n)-1,COLUMNS(_xlpm.m))+1, _xlpm.sup,INDEX(_xlpm.r,_xlpm.rIdx), _xlpm.area,INDEX(_xlpm.c,_xlpm.cIdx), _xlpm.cnt,_xlfn.TOCOL(_xlpm.m), _xlpm.areaNum,IFERROR(--TRIM(SUBSTITUTE(_xlpm.area,"Area","")),_xlpm.area), _xlpm.data,_xlfn.HSTACK(_xlpm.sup,_xlpm.areaNum,_xlpm.cnt,IFERROR(_xlpm.cnt/$A$11,0)), _xlpm.filt,_xlfn._xlws.FILTER(_xlpm.data,_xlpm.cnt>0), _xlfn.TAKE(_xlfn._xlws.SORT(_xlpm.filt,3,-1),10) )} -> Elizabeth Neufeld | M44: 420 | N44: 22 | O44: 0.08
A45: =IFERROR(INDEX(_xlfn.ANCHORARRAY(Data!$M$65),2,1),"") -> Elizabeth Neufeld | B45: =IF(OR($A45="",B$43=""),"",COUNTIFS(Master_List_Of_Injuries[Year],$B$63,Master_List_Of_Injuries[Supervisor],$A45,Master_List_Of_Injuries[Area],INDEX(_xlfn.ANCHORARRAY(Data!$J$65),1,1))) -> 0 | C45: =IF(OR($A45="",C$43=""),"",COUNTIFS(Master_List_Of_Injuries[Year],$B$63,Master_List_Of_Injuries[Supervisor],$A45,Master_List_Of_Injuries[Area],INDEX(_xlfn.ANCHORARRAY(Data!$J$65),2,1))) -> 0 | D45: =IF(OR($A45="",D$43=""),"",COUNTIFS(Master_List_Of_Injuries[Year],$B$63,Master_List_Of_Injuries[Supervisor],$A45,Master_List_Of_Injuries[Area],INDEX(_xlfn.ANCHORARRAY(Data!$J$65),3,1))) -> 22 | E45: =IF(OR($A45="",E$43=""),"",COUNTIFS(Master_List_Of_Injuries[Year],$B$63,Master_List_Of_Injuries[Supervisor],$A45,Master_List_Of_Injuries[Area],INDEX(_xlfn.ANCHORARRAY(Data!$J$65),4,1))) -> 0 | F45: =IF(OR($A45="",F$43=""),"",COUNTIFS(Master_List_Of_Injuries[Year],$B$63,Master_List_Of_Injuries[Supervisor],$A45,Master_List_Of_Injuries[Area],INDEX(_xlfn.ANCHORARRAY(Data!$J$65),5,1))) -> 0 | G45: =IF(OR($A45="",G$43=""),"",COUNTIFS(Master_List_Of_Injuries[Year],$B$63,Master_List_Of_Injuries[Supervisor],$A45,Master_List_Of_Injuries[Area],INDEX(_xlfn.ANCHORARRAY(Data!$J$65),6,1))) -> 0 | H45: =IF(OR($A45="",H$43=""),"",COUNTIFS(Master_List_Of_Injuries[Year],$B$63,Master_List_Of_Injuries[Supervisor],$A45,Master_List_Of_Injuries[Area],INDEX(_xlfn.ANCHORARRAY(Data!$J$65),7,1))) -> 0 | I45: =IF(OR($A45="",I$43=""),"",COUNTIFS(Master_List_Of_Injuries[Year],$B$63,Master_List_Of_Injuries[Supervisor],$A45,Master_List_Of_Injuries[Area],INDEX(_xlfn.ANCHORARRAY(Data!$J$65),8,1))) -> 0 | J45: =IF($A45="","",SUM(B45:I45)) -> 22 | K45: =IF($A45="","",IFERROR(INDEX($K$30:$K$39,MATCH($A45,$A$30:$A$39,0)),"")) -> 23.1 | L45: Juan Ramirez | M45: 410 | N45: 21 | O45: 0.076363636
A46: =IFERROR(INDEX(_xlfn.ANCHORARRAY(Data!$M$65),3,1),"") -> Juan Ramirez | B46: =IF(OR($A46="",B$43=""),"",COUNTIFS(Master_List_Of_Injuries[Year],$B$63,Master_List_Of_Injuries[Supervisor],$A46,Master_List_Of_Injuries[Area],INDEX(_xlfn.ANCHORARRAY(Data!$J$65),1,1))) -> 0 | C46: =IF(OR($A46="",C$43=""),"",COUNTIFS(Master_List_Of_Injuries[Year],$B$63,Master_List_Of_Injuries[Supervisor],$A46,Master_List_Of_Injuries[Area],INDEX(_xlfn.ANCHORARRAY(Data!$J$65),2,1))) -> 21 | D46: =IF(OR($A46="",D$43=""),"",COUNTIFS(Master_List_Of_Injuries[Year],$B$63,Master_List_Of_Injuries[Supervisor],$A46,Master_List_Of_Injuries[Area],INDEX(_xlfn.ANCHORARRAY(Data!$J$65),3,1))) -> 0 | E46: =IF(OR($A46="",E$43=""),"",COUNTIFS(Master_List_Of_Injuries[Year],$B$63,Master_List_Of_Injuries[Supervisor],$A46,Master_List_Of_Injuries[Area],INDEX(_xlfn.ANCHORARRAY(Data!$J$65),4,1))) -> 0 | F46: =IF(OR($A46="",F$43=""),"",COUNTIFS(Master_List_Of_Injuries[Year],$B$63,Master_List_Of_Injuries[Supervisor],$A46,Master_List_Of_Injuries[Area],INDEX(_xlfn.ANCHORARRAY(Data!$J$65),5,1))) -> 0 | G46: =IF(OR($A46="",G$43=""),"",COUNTIFS(Master_List_Of_Injuries[Year],$B$63,Master_List_Of_Injuries[Supervisor],$A46,Master_List_Of_Injuries[Area],INDEX(_xlfn.ANCHORARRAY(Data!$J$65),6,1))) -> 0 | H46: =IF(OR($A46="",H$43=""),"",COUNTIFS(Master_List_Of_Injuries[Year],$B$63,Master_List_Of_Injuries[Supervisor],$A46,Master_List_Of_Injuries[Area],INDEX(_xlfn.ANCHORARRAY(Data!$J$65),7,1))) -> 0 | I46: =IF(OR($A46="",I$43=""),"",COUNTIFS(Master_List_Of_Injuries[Year],$B$63,Master_List_Of_Injuries[Supervisor],$A46,Master_List_Of_Injuries[Area],INDEX(_xlfn.ANCHORARRAY(Data!$J$65),8,1))) -> 0 | J46: =IF($A46="","",SUM(B46:I46)) -> 21 | K46: =IF($A46="","",IFERROR(INDEX($K$30:$K$39,MATCH($A46,$A$30:$A$39,0)),"")) -> 25.1 | L46: Ovidio Sanchez | M46: 400 | N46: 21 | O46: 0.076363636
A47: =IFERROR(INDEX(_xlfn.ANCHORARRAY(Data!$M$65),4,1),"") -> Ovidio Sanchez | B47: =IF(OR($A47="",B$43=""),"",COUNTIFS(Master_List_Of_Injuries[Year],$B$63,Master_List_Of_Injuries[Supervisor],$A47,Master_List_Of_Injuries[Area],INDEX(_xlfn.ANCHORARRAY(Data!$J$65),1,1))) -> 0 | C47: =IF(OR($A47="",C$43=""),"",COUNTIFS(Master_List_Of_Injuries[Year],$B$63,Master_List_Of_Injuries[Supervisor],$A47,Master_List_Of_Injuries[Area],INDEX(_xlfn.ANCHORARRAY(Data!$J$65),2,1))) -> 0 | D47: =IF(OR($A47="",D$43=""),"",COUNTIFS(Master_List_Of_Injuries[Year],$B$63,Master_List_Of_Injuries[Supervisor],$A47,Master_List_Of_Injuries[Area],INDEX(_xlfn.ANCHORARRAY(Data!$J$65),3,1))) -> 0 | E47: =IF(OR($A47="",E$43=""),"",COUNTIFS(Master_List_Of_Injuries[Year],$B$63,Master_List_Of_Injuries[Supervisor],$A47,Master_List_Of_Injuries[Area],INDEX(_xlfn.ANCHORARRAY(Data!$J$65),4,1))) -> 21 | F47: =IF(OR($A47="",F$43=""),"",COUNTIFS(Master_List_Of_Injuries[Year],$B$63,Master_List_Of_Injuries[Supervisor],$A47,Master_List_Of_Injuries[Area],INDEX(_xlfn.ANCHORARRAY(Data!$J$65),5,1))) -> 0 | G47: =IF(OR($A47="",G$43=""),"",COUNTIFS(Master_List_Of_Injuries[Year],$B$63,Master_List_Of_Injuries[Supervisor],$A47,Master_List_Of_Injuries[Area],INDEX(_xlfn.ANCHORARRAY(Data!$J$65),6,1))) -> 0 | H47: =IF(OR($A47="",H$43=""),"",COUNTIFS(Master_List_Of_Injuries[Year],$B$63,Master_List_Of_Injuries[Supervisor],$A47,Master_List_Of_Injuries[Area],INDEX(_xlfn.ANCHORARRAY(Data!$J$65),7,1))) -> 0 | I47: =IF(OR($A47="",I$43=""),"",COUNTIFS(Master_List_Of_Injuries[Year],$B$63,Master_List_Of_Injuries[Supervisor],$A47,Master_List_Of_Injuries[Area],INDEX(_xlfn.ANCHORARRAY(Data!$J$65),8,1))) -> 0 | J47: =IF($A47="","",SUM(B47:I47)) -> 21 | K47: =IF($A47="","",IFERROR(INDEX($K$30:$K$39,MATCH($A47,$A$30:$A$39,0)),"")) -> 25.6 | L47: Alex Vargas | M47: 102 | N47: 19 | O47: 0.069090909
A48: =IFERROR(INDEX(_xlfn.ANCHORARRAY(Data!$M$65),5,1),"") -> Alex Vargas | B48: =IF(OR($A48="",B$43=""),"",COUNTIFS(Master_List_Of_Injuries[Year],$B$63,Master_List_Of_Injuries[Supervisor],$A48,Master_List_Of_Injuries[Area],INDEX(_xlfn.ANCHORARRAY(Data!$J$65),1,1))) -> 19 | C48: =IF(OR($A48="",C$43=""),"",COUNTIFS(Master_List_Of_Injuries[Year],$B$63,Master_List_Of_Injuries[Supervisor],$A48,Master_List_Of_Injuries[Area],INDEX(_xlfn.ANCHORARRAY(Data!$J$65),2,1))) -> 0 | D48: =IF(OR($A48="",D$43=""),"",COUNTIFS(Master_List_Of_Injuries[Year],$B$63,Master_List_Of_Injuries[Supervisor],$A48,Master_List_Of_Injuries[Area],INDEX(_xlfn.ANCHORARRAY(Data!$J$65),3,1))) -> 0 | E48: =IF(OR($A48="",E$43=""),"",COUNTIFS(Master_List_Of_Injuries[Year],$B$63,Master_List_Of_Injuries[Supervisor],$A48,Master_List_Of_Injuries[Area],INDEX(_xlfn.ANCHORARRAY(Data!$J$65),4,1))) -> 0 | F48: =IF(OR($A48="",F$43=""),"",COUNTIFS(Master_List_Of_Injuries[Year],$B$63,Master_List_Of_Injuries[Supervisor],$A48,Master_List_Of_Injuries[Area],INDEX(_xlfn.ANCHORARRAY(Data!$J$65),5,1))) -> 0 | G48: =IF(OR($A48="",G$43=""),"",COUNTIFS(Master_List_Of_Injuries[Year],$B$63,Master_List_Of_Injuries[Supervisor],$A48,Master_List_Of_Injuries[Area],INDEX(_xlfn.ANCHORARRAY(Data!$J$65),6,1))) -> 0 | H48: =IF(OR($A48="",H$43=""),"",COUNTIFS(Master_List_Of_Injuries[Year],$B$63,Master_List_Of_Injuries[Supervisor],$A48,Master_List_Of_Injuries[Area],INDEX(_xlfn.ANCHORARRAY(Data!$J$65),7,1))) -> 0 | I48: =IF(OR($A48="",I$43=""),"",COUNTIFS(Master_List_Of_Injuries[Year],$B$63,Master_List_Of_Injuries[Supervisor],$A48,Master_List_Of_Injuries[Area],INDEX(_xlfn.ANCHORARRAY(Data!$J$65),8,1))) -> 0 | J48: =IF($A48="","",SUM(B48:I48)) -> 19 | K48: =IF($A48="","",IFERROR(INDEX($K$30:$K$39,MATCH($A48,$A$30:$A$39,0)),"")) -> 31.8 | L48: Diego Soria | M48: 405 | N48: 18 | O48: 0.065454545
A49: =IFERROR(INDEX(_xlfn.ANCHORARRAY(Data!$M$65),6,1),"") -> Diego Soria | B49: =IF(OR($A49="",B$43=""),"",COUNTIFS(Master_List_Of_Injuries[Year],$B$63,Master_List_Of_Injuries[Supervisor],$A49,Master_List_Of_Injuries[Area],INDEX(_xlfn.ANCHORARRAY(Data!$J$65),1,1))) -> 0 | C49: =IF(OR($A49="",C$43=""),"",COUNTIFS(Master_List_Of_Injuries[Year],$B$63,Master_List_Of_Injuries[Supervisor],$A49,Master_List_Of_Injuries[Area],INDEX(_xlfn.ANCHORARRAY(Data!$J$65),2,1))) -> 0 | D49: =IF(OR($A49="",D$43=""),"",COUNTIFS(Master_List_Of_Injuries[Year],$B$63,Master_List_Of_Injuries[Supervisor],$A49,Master_List_Of_Injuries[Area],INDEX(_xlfn.ANCHORARRAY(Data!$J$65),3,1))) -> 0 | E49: =IF(OR($A49="",E$43=""),"",COUNTIFS(Master_List_Of_Injuries[Year],$B$63,Master_List_Of_Injuries[Supervisor],$A49,Master_List_Of_Injuries[Area],INDEX(_xlfn.ANCHORARRAY(Data!$J$65),4,1))) -> 0 | F49: =IF(OR($A49="",F$43=""),"",COUNTIFS(Master_List_Of_Injuries[Year],$B$63,Master_List_Of_Injuries[Supervisor],$A49,Master_List_Of_Injuries[Area],INDEX(_xlfn.ANCHORARRAY(Data!$J$65),5,1))) -> 18 | G49: =IF(OR($A49="",G$43=""),"",COUNTIFS(Master_List_Of_Injuries[Year],$B$63,Master_List_Of_Injuries[Supervisor],$A49,Master_List_Of_Injuries[Area],INDEX(_xlfn.ANCHORARRAY(Data!$J$65),6,1))) -> 0 | H49: =IF(OR($A49="",H$43=""),"",COUNTIFS(Master_List_Of_Injuries[Year],$B$63,Master_List_Of_Injuries[Supervisor],$A49,Master_List_Of_Injuries[Area],INDEX(_xlfn.ANCHORARRAY(Data!$J$65),7,1))) -> 0 | I49: =IF(OR($A49="",I$43=""),"",COUNTIFS(Master_List_Of_Injuries[Year],$B$63,Master_List_Of_Injuries[Supervisor],$A49,Master_List_Of_Injuries[Area],INDEX(_xlfn.ANCHORARRAY(Data!$J$65),8,1))) -> 0 | J49: =IF($A49="","",SUM(B49:I49)) -> 18 | K49: =IF($A49="","",IFERROR(INDEX($K$30:$K$39,MATCH($A49,$A$30:$A$39,0)),"")) -> 20.4 | L49: Chadu Moua | M49: 429 | N49: 14 | O49: 0.050909091
A50: =IFERROR(INDEX(_xlfn.ANCHORARRAY(Data!$M$65),7,1),"") -> Christian Lopez | B50: =IF(OR($A50="",B$43=""),"",COUNTIFS(Master_List_Of_Injuries[Year],$B$63,Master_List_Of_Injuries[Supervisor],$A50,Master_List_Of_Injuries[Area],INDEX(_xlfn.ANCHORARRAY(Data!$J$65),1,1))) -> 0 | C50: =IF(OR($A50="",C$43=""),"",COUNTIFS(Master_List_Of_Injuries[Year],$B$63,Master_List_Of_Injuries[Supervisor],$A50,Master_List_Of_Injuries[Area],INDEX(_xlfn.ANCHORARRAY(Data!$J$65),2,1))) -> 0 | D50: =IF(OR($A50="",D$43=""),"",COUNTIFS(Master_List_Of_Injuries[Year],$B$63,Master_List_Of_Injuries[Supervisor],$A50,Master_List_Of_Injuries[Area],INDEX(_xlfn.ANCHORARRAY(Data!$J$65),3,1))) -> 0 | E50: =IF(OR($A50="",E$43=""),"",COUNTIFS(Master_List_Of_Injuries[Year],$B$63,Master_List_Of_Injuries[Supervisor],$A50,Master_List_Of_Injuries[Area],INDEX(_xlfn.ANCHORARRAY(Data!$J$65),4,1))) -> 0 | F50: =IF(OR($A50="",F$43=""),"",COUNTIFS(Master_List_Of_Injuries[Year],$B$63,Master_List_Of_Injuries[Supervisor],$A50,Master_List_Of_Injuries[Area],INDEX(_xlfn.ANCHORARRAY(Data!$J$65),5,1))) -> 0 | G50: =IF(OR($A50="",G$43=""),"",COUNTIFS(Master_List_Of_Injuries[Year],$B$63,Master_List_Of_Injuries[Supervisor],$A50,Master_List_Of_Injuries[Area],INDEX(_xlfn.ANCHORARRAY(Data!$J$65),6,1))) -> 4 | H50: =IF(OR($A50="",H$43=""),"",COUNTIFS(Master_List_Of_Injuries[Year],$B$63,Master_List_Of_Injuries[Supervisor],$A50,Master_List_Of_Injuries[Area],INDEX(_xlfn.ANCHORARRAY(Data!$J$65),7,1))) -> 0 | I50: =IF(OR($A50="",I$43=""),"",COUNTIFS(Master_List_Of_Injuries[Year],$B$63,Master_List_Of_Injuries[Supervisor],$A50,Master_List_Of_Injuries[Area],INDEX(_xlfn.ANCHORARRAY(Data!$J$65),8,1))) -> 0 | J50: =IF($A50="","",SUM(B50:I50)) -> 4 | K50: =IF($A50="","",IFERROR(INDEX($K$30:$K$39,MATCH($A50,$A$30:$A$39,0)),"")) -> 16.5 | L50: Samuel Sierra | M50: 109 | N50: 12 | O50: 0.043636364
A51: =IFERROR(INDEX(_xlfn.ANCHORARRAY(Data!$M$65),8,1),"") -> Chadu Moua | B51: =IF(OR($A51="",B$43=""),"",COUNTIFS(Master_List_Of_Injuries[Year],$B$63,Master_List_Of_Injuries[Supervisor],$A51,Master_List_Of_Injuries[Area],INDEX(_xlfn.ANCHORARRAY(Data!$J$65),1,1))) -> 0 | C51: =IF(OR($A51="",C$43=""),"",COUNTIFS(Master_List_Of_Injuries[Year],$B$63,Master_List_Of_Injuries[Supervisor],$A51,Master_List_Of_Injuries[Area],INDEX(_xlfn.ANCHORARRAY(Data!$J$65),2,1))) -> 0 | D51: =IF(OR($A51="",D$43=""),"",COUNTIFS(Master_List_Of_Injuries[Year],$B$63,Master_List_Of_Injuries[Supervisor],$A51,Master_List_Of_Injuries[Area],INDEX(_xlfn.ANCHORARRAY(Data!$J$65),3,1))) -> 0 | E51: =IF(OR($A51="",E$43=""),"",COUNTIFS(Master_List_Of_Injuries[Year],$B$63,Master_List_Of_Injuries[Supervisor],$A51,Master_List_Of_Injuries[Area],INDEX(_xlfn.ANCHORARRAY(Data!$J$65),4,1))) -> 0 | F51: =IF(OR($A51="",F$43=""),"",COUNTIFS(Master_List_Of_Injuries[Year],$B$63,Master_List_Of_Injuries[Supervisor],$A51,Master_List_Of_Injuries[Area],INDEX(_xlfn.ANCHORARRAY(Data!$J$65),5,1))) -> 0 | G51: =IF(OR($A51="",G$43=""),"",COUNTIFS(Master_List_Of_Injuries[Year],$B$63,Master_List_Of_Injuries[Supervisor],$A51,Master_List_Of_Injuries[Area],INDEX(_xlfn.ANCHORARRAY(Data!$J$65),6,1))) -> 0 | H51: =IF(OR($A51="",H$43=""),"",COUNTIFS(Master_List_Of_Injuries[Year],$B$63,Master_List_Of_Injuries[Supervisor],$A51,Master_List_Of_Injuries[Area],INDEX(_xlfn.ANCHORARRAY(Data!$J$65),7,1))) -> 0 | I51: =IF(OR($A51="",I$43=""),"",COUNTIFS(Master_List_Of_Injuries[Year],$B$63,Master_List_Of_Injuries[Supervisor],$A51,Master_List_Of_Injuries[Area],INDEX(_xlfn.ANCHORARRAY(Data!$J$65),8,1))) -> 14 | J51: =IF($A51="","",SUM(B51:I51)) -> 14 | K51: =IF($A51="","",IFERROR(INDEX($K$30:$K$39,MATCH($A51,$A$30:$A$39,0)),"")) -> 20.6 | L51: Samuel Sierra | M51: 102 | N51: 5 | O51: 0.018181818
L52: Christian Lopez | M52: 109 | N52: 4 | O52: 0.014545455
A56: RECOMMENDED NEXT QUESTIONS
A57: 1. Should we drill into the top supervisor-area pair and identify the specific JTP/tasks driving those incidents?
A58: 2. Should risk score be adjusted for exposure, such as employee count, hours worked, or production volume by area?
A59: 3. Should we split severity into Recordable, RPO, and FA to distinguish frequency hotspots from severity hotspots?
A60: ,.//
A62: HELPERS (focus year drives all SI calcs)
A63: Focus Year | B63: =Data!B3 -> 2026 | C63: Jan | D63: Feb | E63: Mar | F63: Apr | G63: May | H63: Jun | I63: Jul
A64: Total YTD | B64: =COUNTIF(Master_List_Of_Injuries[Year],B63) -> 275

Sheet Master_List_Of_Injuries
A1: Employee Name | B1: DOI | C1: Supervisor | D1: Department | E1: Area | F1: JTP: | G1: Injury/Illness Type | H1: Body Location | I1: ESI Status | J1: Status | K1: Month | L1: Recordable_Flag | M1: Year | N1: Month.1
A2: Joseph Gomez | B2: 46227 | C2: Richard Xiong | D2: Harvest | E2: 101 | F2: Shackler | G2: Foreign Object | H2: LT - Eye | I2: FA | K2: July | L2: No | M2: 2026 | N2: July
A3: Ceasar Saldana | B3: 46226 | C3: Jonathan Hernandez | D3: Maintenance | E3: Maintenance | F3: Electrician | G3: Electric Shock | H3: LT - Hand & Forearm | I3: RPO | K3: July | L3: No | M3: 2026 | N3: July
A4: Irma Ortega | B4: 46225 | C4: Diego Soria | D4: Fabrication | E4: 405 | F4: Whizzard Knife Op. | G4: Strain | H4: RT - Wrist | I4: FA | J4: Close | K4: July | L4: No | M4: 2026 | N4: July
A5: Noe Frage Ruiz | B5: 46225 | C5: Juan Ramirez | D5: Fabrication | E5: 410 | F5: Chuck Boner | G5: Struck By-Against Object | H5: LT - Thumb | I5: RPO | J5: Close | K5: July | L5: No | M5: 2026 | N5: July
A6: Ramon Garcia | B6: 46225 | C6: Richard Xiong | D6: Harvest | E6: 101 | F6: 2nd Hock Hang Off | G6: Slip, Trip, & Fall | H6: NA | I6: RPO | J6: Close | K6: July | L6: No | M6: 2026 | N6: July
A7: Jesus Bernal | B7: 46224 | C7: Marilyn Herrera | D7: Corrals | E7: 100 | F7: Herdsman | G7: Struck By Cattle | H7: RT - Shin/ Calf | I7: FA | J7: Close | K7: July | L7: No | M7: 2026 | N7: July
A8: Rudy Ramos | B8: 46224 | C8: Richard Xiong | D8: Harvest | E8: 101 | F8: Calf Skinner | G8: Abrasion | H8: RT - Ring Finger | I8: FA | J8: Close | K8: July | L8: No | M8: 2026 | N8: July
A9: Rosalba Oseguera Mendez | B9: 46223 | C9: Alex Vargas | D9: Harvest | E9: 102 | F9: 2nd Hock Cutter | G9: Strain | H9: RT - Index Finger & Elbow | I9: FA | J9: Close | K9: July | L9: No | M9: 2026 | N9: July
A10: Christopher Diaz | B10: 46220 | C10: Francisco Tapia | D10: Loading Dock | E10: Loading Dock | F10: Stacker | G10: Strain | H10: RT - Elbow | I10: FA | J10: Close | K10: July | L10: No | M10: 2026 | N10: July
A11: Eduardo Contreras | B11: 46218 | C11: Alex Vargas | D11: Harvest | E11: 102 | F11: Wax Papper Remover | G11: Rash | H11: LT - Forearm | I11: FA | J11: Close | K11: July | L11: No | M11: 2026 | N11: July
A12: Carlos Roman | B12: 46217 | C12: Christopher Moreno | D12: Buildings & Grounds | E12: B&G | F12: B&G Maintenace | G12: Struck By-Against Object | H12: RT - Thumb | I12: FA | J12: Close | K12: July | L12: No | M12: 2026 | N12: July
A13: Maria Figueroa | B13: 46217 | C13: Samuel Sierra | D13: Harvest | E13: 109 | F13: Kidney Pack Off | G13: Burn | H13: RT - Forearm | I13: RPO | J13: Close | K13: July | L13: No | M13: 2026 | N13: July
A14: Ezequiel Ambriz | B14: 46217 | C14: Juan Murillo | D14: Utilities | E14: Utilities | F14: Utilility - Maintenance | G14: Burn | H14: RT - Forearm | I14: FA | J14: Close | K14: July | L14: No | M14: 2026 | N14: July
A15: Jonny Garcia | B15: 46217 | C15: Marilyn Herrera | D15: Corrals | E15: 100 | F15: Herdsman | G15: Struck By Cattle | H15: RT - Calf/ Shin | I15: RPO | J15: Close | K15: July | L15: No | M15: 2026 | N15: July
... A276: Sarah Gonzalez | B276: 46029 | C276: Richard Xiong | D276: Harvest | E276: 101 | F276: Whizzard Knife Op. | G276: Strain | H276: LT - Forearm | I276: FA | J276: Close | K276: January | L276: No | M276: 2026 | N276: January
A277: Robyn Evans | B277: 46022 | C277: Samuel Sierra | D277: Harvest | E277: 109 | F277: 107 | G277: Box Maker | H277: Strain | I277: RPO | K277: December | L277: No | M277: 2025 | N277: December
A278: Maikol Nerey | B278: 46022 | C278: Samuel Sierra | D278: Harvest | E278: 109 | F278: Head Splitter | G278: Laceration | H278: LT - Upper Arm | I278: FA | K278: December | L278: No | M278: 2025 | N278: December
A279: Robyn Evans | B279: 46022 | C279: Samuel Sierra | D279: Harvest | E279: 109 | F279: 107 | G279: Box Maker | H279: Strain | I279: FA | J279: Close | K279: December | L279: No | M279: 2025 | N279: December
A280: Touthao Yang | B280: 46021 | C280: Francisco Tapia | D280: Fabrication | E280: Loading Dock | F280: Loading Dock Lead | G280: Puncture | H280: LT - Thumb | I280: FA | K280: December | L280: No | M280: 2025 | N280: December
A281: Jose Nunez | B281: 46021 | C281: Erwin Vega | D281: Fabrication | E281: 124 | F281: Cooler Cordinator | G281: Foreign boby in eye | H281: RT - Eye | I281: FA | K281: December | L281: No | M281: 2025 | N281: December
A282: Mauricio Sandoval | B282: 46020 | C282: Diego Soria | D282: Fabrication | E282: 405 | F282: Tender Puller | G282: Strain | H282: RT - Mid Upper Back | I282: FA | K282: December | L282: No | M282: 2025 | N282: December
A283: Gerardo Zalazar | B283: 46020 | C283: Ovidio Sanchez | D283: Fabrication | E283: 400 | F283: Saw Helper | G283: Falling Object | H283: LT - FOOT (top) | I283: FA | K283: December | L283: No | M283: 2025 | N283: December
A284: Enrique Ramos | B284: 46020 | C284: Diego Soria | D284: Fabrication | E284: 405 | F284: Short Rib Bonner | G284: Puncture | H284: RT - Middle Finger | I284: FA | K284: December | L284: No | M284: 2025 | N284: December
A285: Jose Nunez | B285: 46015 | C285: Erwin Vega | D285: Fabrication | E285: 124 | F285: Cooler Pusher | G285: Violance / Assault | H285: LT - Cheek | I285: FA | K285: December | L285: No | M285: 2025 | N285: December
A286: Michael Gurrusquieta | B286: 46014 | C286: Christian Lopez | D286: Harvest | E286: 106 | F286: Deffect Trimmer | G286: Strain | H286: RT - Shoulder | I286: FA | K286: December | L286: No | M286: 2025 | N286: December
A287: Charlie Stevenson | B287: 46014 | C287: Ovidio Sanchez | D287: Fabrication | E287: Knife Room | F287: Lactic Acid Spray | G287: Strain | H287: RT - Elbow & Bisep | I287: FA | K287: December | L287: No | M287: 2025 | N287: December
A288: Rocio Bernal | B288: 46013 | C288: Samuel Sierra | D288: Harvest | E288: 109 | F288: Pack Off | G288: Rash | H288: LT - Forearm | I288: FA | K288: December | L288: No | M288: 2025 | N288: December
A289: Mayra Solarte | B289: 46010 | C289: Rutilio Rodriguez | D289: Harvest | E289: 102 | F289: Whizzard Op. | G289: Strain | H289: RT - Elbow | I289: FA | K289: December | L289: No | M289: 2025 | N289: December
A290: Bryan Beceril | B290: 46009 | C290: Michael Orozco | D290: Harvest | E290: 104 | F290: Brisket Saw Op | G290: Rash | H290: RT - Forearm | I290: FA | K290: December | L290: No | M290: 2025 | N290: December
A291: Sandra Arredondo | B291: 46007 | C291: Ovidio Sanchez | D291: Fabrication | E291: 400 | F291: Fajita Skinner | G291: Strain | H291: RT - Elbow & Forearm | I291: FA | K291: December | L291: No | M291: 2025 | N291: December
... A468: Raymundo Vargas Jr | B468: 45814 | C468: Ovidio Sanchez | D468: Fabrication | E468: 400 | F468: Circular Saw | G468: Strain | H468: RT - Wrist | I468: FA | K468: June | L468: No | M468: 2025 | N468: June
A469: Normal Ortega | B469: 45814 | C469: Diego Soria | D469: Fabrication | E469: 420 | F469: Flank Trimmer | G469: Strain | I469: FA | K469: June | L469: No | M469: 2025 | N469: June
A470: Ezequiel Ambriz | B470: 45814 | C470: Carlos Mata | D470: Maintnances | E470: Utilities | F470: Utilities Op. | G470: Strain | H470: RT - Wrist | I470: RECORDABLE | K470: June | L470: Yes | M470: 2025 | N470: June
A471: Victor Urenas | B471: 45811 | C471: Clara Salazar | D471: Recycling | E471: Outside Clean Up | F471: Outside Clean Up | G471: Contact Stress | H471: RT - Thumb | I471: FA | K471: June | L471: No | M471: 2025 | N471: June
A472: Gregorio Montemayor | B472: 45811 | C472: Clara Salazar | D472: Recycling | E472: Outside Clean Up | F472: Outside Clean Up | G472: Contact Stress | H472: LF - Thumb | I472: FA | K472: June | L472: No | M472: 2025 | N472: June
A473: Rogelio Mendoza | B473: 45811 | C473: Manuel Alanis | D473: Maintnances | E473: Harvest Maint | F473: Maintenance | G473: Electric Shock | H473: Bilateral Hands | I473: RPO | K473: June | L473: No | M473: 2025 | N473: June
A474: Francisco Chavez | B474: 45811 | C474: Michael Orozco | D474: Harvest | E474: 105 | F474: Heart Precenter | G474: Foreign boby in eye | H474: RT - Eye | I474: RPO | K474: June | L474: No | M474: 2025 | N474: June
A475: Ismael Aldana | B475: 45811 | C475: Juan Rodriguez | D475: Fabrication | E475: 415 | F475: Chuck Bonner | G475: Struck-by Against Object | H475: RT - Thumb | I475: FA | K475: June | L475: No | M475: 2025 | N475: June
A476: Jonny Garcia Soto | B476: 45810 | C476: marilyn herrera | D476: Harvest | E476: 100 | F476: Herdsman | G476: Puncture | H476: LF - Pinky & Ring Finger | I476: FA | K476: June | L476: No | M476: 2025 | N476: June
A477: Alejandra Ruiz | B477: 45807 | C477: Raymond Trevino | D477: FSQA | E477: QA | F477: QA | G477: Burn | H477: RT Hand | I477: FA | K477: May | L477: No | M477: 2025 | N477: May
A478: David Cruz | B478: 45807 | C478: Richard Xiong | D478: Harvest | E478: 101 | F478: 2nd Legger | G478: Contact Stress | H478: RT - Pinky | I478: RPO | K478: May | L478: No | M478: 2025 | N478: May
A479: Rosendo Granados | B479: 45806 | C479: Christian Lopez | D479: Harvest | E479: 106 | F479: USDA Rail Out | G479: Strain | H479: RT - Shoulder | I479: FA | K479: May | L479: No | M479: 2025 | N479: May
A480: Berenise Diaz | B480: 45806 | C480: Raymond Trevino | D480: FSQA | E480: QA | F480: QA | G480: Burn | H480: RT - Palm | I480: FA | K480: May | L480: No | M480: 2025 | N480: May
A481: Esmeralda Avalos | B481: 45806 | C481: Christian Lopez | D481: Harvest | E481: 106 | F481: SRM Remover | G481: Burn | H481: Buttocks | I481: FA | K481: May | L481: No | M481: 2025 | N481: May
... A518: Tania Banegas | B518: 45737 | C518: Ovidio Sanchez | D518: Fabrication | E518: 400 | F518: Brisket Wiz. Op. | G518: Strain | H518: RT - Elbow | I518: FA | K518: March | L518: No | M518: 2025 | N518: March
A519: Jazmine Gonzalez | B519: 45737 | C519: Michael Orozco | D519: Harvest | E519: 102 | F519: Whizzard Op. | I519: RPO | K519: March | L519: No | M519: 2025 | N519: March
A520: Saray Pedroza | B520: 45736 | C520: Samuel Sierra | D520: Harvest | E520: 109 | F520: Ox Tail Wash | G520: Burn | H520: LT - Shoulder | I520: FA | K520: March | L520: No | M520: 2025 | N520: March
A521: Emmanuel Nunez | B521: 45735 | C521: Michael Orozco | D521: Harvest | E521: 105 | F521: Paunch Puller | G521: Sprain | H521: LT - Forearm & Wrist | I521: FA | K521: March | L521: No | M521: 2025 | N521: March
A522: Cruz Lopez | B522: 45735 | C522: Michael Orozco | D522: Harvest | E522: 105 | F522: Gutter | G522: Laceration | H522: RT - Palm | I522: RPO | K522: March | L522: No | M522: 2025 | N522: March
A523: Noe Fraga Ruiz | B523: 45730 | C523: Ovidio Sanchez | D523: Fabrication | E523: 400 | F523: Brisket Boner | G523: Strain | H523: Upper - Back | I523: FA | K523: March | L523: No | M523: 2025 | N523: March
A524: Alexander Ruiz Flores | B524: 45730 | C524: Ovidio Sanchez | D524: Fabrication | E524: 400 | F524: CO2 Injector | G524: Strain | H524: RT - Hand / LT - Shoulder | I524: FA | K524: March | L524: No | M524: 2025 | N524: March
A525: Sergio Torres Jimenez | B525: 45730 | C525: Samuel Sierra | D525: Harvest | E525: 109 | F525: Tripe Pack Off | G525: Rash | H525: LT - RT Hands, Thumbs & Fingers. | I525: FA | K525: March | L525: No | M525: 2025 | N525: March
A526: Yvonne Martinez | B526: 45730 | C526: Veronica Figueroa | D526: Fabrication | E526: 420 | F526: Whizzard Op. | G526: Strain | H526: RT - Diggits | I526: FA | K526: March | L526: No | M526: 2025 | N526: March
A527: Carlos Jose Castano | B527: 45730 | C527: Christopher Moreno | D527: Maintnances | E527: BG | F527: Glift Mechanic | G527: Impact? | H527: Right - Toe | I527: RPO | K527: March | L527: No | M527: 2025 | N527: March
A528: Enrique Ramos Serrano | B528: 45728 | C528: Jarrod Villareal | D528: Fabrication | E528: 405 | F528: 3 Bonner | G528: Strain | H528: LT - Hand, digits, and forearm | I528: FA | K528: March | L528: No | M528: 2025 | N528: March
A529: Jonny Garcia Soto | B529: 45728 | C529: marilyn herrera | D529: Harvest | E529: 100 | F529: Herdsman | G529: Crush Injury | H529: RT - Arm | I529: RPO | K529: March | L529: No | M529: 2025 | N529: March
A530: Anthony Valdez | B530: 45728 | C530: marilyn herrera | D530: Harvest | E530: 100 | F530: Herdsman | G530: Crush Injury | H530: RT - Knee, Leg | I530: FA | K530: March | L530: No | M530: 2025 | N530: March
A531: Ra Thach | B531: 45728 | C531: Juan Ramirez | D531: Fabrication | E531: 410 | F531: Aitch Boner | G531: Rash | H531: RT - Forearm | I531: FA | K531: March | L531: No | M531: 2025 | N531: March
... A581: Kenneth Rayburn | B581: 45660 | C581: Ovidio Sanchez | D581: Fabrication | E581: 400 | F581: Wing Dropper | G581: Contact Stress | H581: LT - Index Finger | I581: FA | K581: January | L581: No | M581: 2025 | N581: January
